LOCALITY,FILEDATE,ISSUED,NOT_ISSUED,PROVISIONAL,DELETED,MARKED,ON_MACHINE,PRE_PROCESSED,FWAB,MAIL_IN,COUNTABLE,MILITARY,OVERSEAS,TEMPORARY,MILITARY_COUNTABLE,OVERSEAS_COUNTABLE,TEMPORARY_COUNTABLE,MILITARY_ISSUED,OVERSEAS_ISSUED,TEMPORARY_ISSUED,COUNTABLE_HIGH_PROP_NG,COUNTABLE_MED_PROP_NG,COUNTABLE_ZERO_PROP_NG
Alexandria City,17-Sep-2025 22:01:55,10002,0,0,156,0,0,0,0,0,0,230,922,0,0,0,0,223,905,0,0,0,0
Alexandria City,18-Sep-2025 05:00:02,10052,0,0,165,0,0,0,0,0,0,230,926,0,0,0,0,223,907,0,0,0,0
Alexandria City,19-Sep-2025 05:00:02,10101,0,0,169,0,0,0,0,0,0,230,927,0,0,0,0,223,907,0,0,0,0
Alexandria City,20-Sep-2025 05:00:01,10120,0,0,198,0,632,0,0,0,632,232,930,0,3,1,0,222,907,0,509,109,14
Alexandria City,21-Sep-2025 05:00:03,10117,0,0,201,0,632,0,0,0,632,232,929,0,3,1,0,222,906,0,509,109,14
Alexandria City,22-Sep-2025 05:00:02,10117,0,0,201,0,632,0,0,0,632,232,929,0,3,1,0,222,906,0,509,109,14
Alexandria City,23-Sep-2025 05:00:01,10247,0,0,227,1,1008,0,0,1,1009,235,932,0,5,3,0,223,906,0,816,175,18
Alexandria City,24-Sep-2025 05:00:01,10263,0,0,246,1,1369,0,0,1,1370,237,932,0,7,3,0,222,906,0,1102,247,21
Alexandria City,25-Sep-2025 05:00:02,10291,0,0,260,5,1596,0,0,5,1601,237,933,0,10,4,0,206,904,0,1273,305,23
Alexandria City,26-Sep-2025 05:00:02,10307,0,0,268,21,1831,0,0,21,1852,236,935,0,10,6,0,204,904,0,1470,354,28
Alexandria City,29-Sep-2025 17:00:02,9879,1,0,281,588,2170,0,0,588,2758,237,940,0,14,11,0,200,904,0,2135,575,48
Alexandria City,29-Sep-2025 17:35:10,9879,1,0,281,588,2170,0,0,588,2758,237,940,0,14,11,0,200,904,0,2135,575,48
Alexandria City,30-Sep-2025 05:00:02,9871,1,0,293,588,2437,0,0,588,3025,238,943,0,15,11,0,200,907,0,2352,619,54
Alexandria City,01-Oct-2025 05:00:02,9143,1,0,309,1246,2671,0,0,1246,3917,242,943,0,20,18,0,199,899,0,2954,893,70
Alexandria City,02-Oct-2025 05:00:01,8563,0,0,320,1856,2967,0,0,1856,4823,242,948,0,21,33,0,198,883,0,3566,1176,81
Alexandria City,03-Oct-2025 05:00:02,8035,0,0,330,2289,3303,0,0,2289,5592,246,951,0,26,39,0,195,880,0,4068,1434,90
Alexandria City,04-Oct-2025 05:00:02,7758,0,0,351,2582,3742,0,0,2582,6324,247,956,0,29,42,0,193,881,0,4596,1622,106
Alexandria City,05-Oct-2025 05:00:01,7728,0,0,351,2612,3742,0,0,2612,6354,247,956,0,29,42,0,193,881,0,4622,1626,106
Alexandria City,06-Oct-2025 05:00:01,7697,0,0,351,2643,3742,0,0,2643,6385,247,956,0,29,42,0,193,881,0,4641,1638,106
Alexandria City,07-Oct-2025 05:00:01,7416,0,0,374,2995,4103,0,0,2995,7098,256,957,0,35,53,0,191,871,0,5082,1889,127
Alexandria City,08-Oct-2025 05:00:02,7144,0,0,386,3338,4407,0,0,3338,7745,259,958,0,38,60,0,189,865,0,5490,2110,145
Alexandria City,09-Oct-2025 05:00:02,6864,0,0,403,3690,4653,0,0,3690,8343,264,963,0,40,65,0,190,866,0,5851,2333,159
Alexandria City,10-Oct-2025 05:00:02,6689,0,0,415,3925,4976,0,0,3925,8901,266,965,0,43,70,0,188,860,0,6206,2517,178
Alexandria City,11-Oct-2025 05:00:01,6629,0,0,425,4091,5490,0,0,4091,9581,268,978,0,47,83,0,185,856,0,6653,2729,199
Alexandria City,12-Oct-2025 05:00:02,6613,0,0,425,4107,5490,0,0,4107,9597,268,978,0,47,83,0,185,856,0,6664,2733,200
Alexandria City,13-Oct-2025 05:00:01,6597,0,0,425,4123,5490,0,0,4123,9613,268,978,0,47,83,0,185,856,0,6675,2738,200
Alexandria City,14-Oct-2025 05:00:01,6589,0,0,425,4131,5490,0,0,4131,9621,268,978,0,47,83,0,185,856,0,6682,2739,200
Alexandria City,15-Oct-2025 05:00:02,6317,0,0,450,4592,5907,0,0,4592,10499,273,986,0,53,96,0,184,849,0,7185,3080,234
Alexandria City,16-Oct-2025 05:00:01,6299,0,0,464,4636,6235,0,0,4636,10871,276,989,0,55,101,0,183,844,0,7432,3195,244
Alexandria City,17-Oct-2025 05:00:02,6152,0,0,478,4823,6548,0,0,4823,11371,277,993,0,57,113,0,182,835,0,7740,3374,257
Alexandria City,18-Oct-2025 05:00:02,6125,0,0,506,4871,7044,0,0,4871,11915,279,1000,0,62,129,0,180,823,0,8093,3546,276
Alexandria City,19-Oct-2025 05:00:02,5831,0,0,528,5203,8168,0,0,5203,13371,284,1006,0,69,146,0,179,808,0,8910,4127,334
Alexandria City,20-Oct-2025 05:00:01,5804,0,0,529,5229,8168,0,0,5229,13397,284,1006,0,70,146,0,178,808,0,8926,4137,334
Alexandria City,21-Oct-2025 05:00:02,5468,0,0,551,5616,8605,0,0,5616,14221,284,1006,0,73,158,0,172,794,0,9393,4457,371
Alexandria City,22-Oct-2025 05:00:01,5477,0,0,564,5637,8934,0,0,5637,14571,287,1012,0,76,163,0,171,791,0,9614,4577,380
Alexandria City,23-Oct-2025 05:00:03,5343,0,0,581,5862,9290,0,0,5862,15152,291,1017,0,84,172,0,167,786,0,9943,4804,405
Alexandria City,24-Oct-2025 05:00:02,5162,0,0,598,6100,9661,0,0,6100,15761,293,1020,0,86,182,0,167,778,0,10261,5063,437
Alexandria City,25-Oct-2025 05:00:01,5018,0,0,628,6303,10657,0,0,6303,16960,305,1036,0,96,213,0,168,753,0,10936,5542,482
Alexandria City,26-Oct-2025 05:00:01,4891,0,1,660,6401,12561,0,0,6401,18963,319,1042,0,110,219,0,168,748,0,12026,6346,591
Alexandria City,27-Oct-2025 05:00:01,4884,0,10,667,6202,13209,192,0,6394,19613,321,1043,0,112,220,0,168,747,0,12333,6635,645
Alexandria City,28-Oct-2025 05:00:02,4767,0,13,689,5311,14356,1173,0,6484,20853,326,1044,0,120,235,0,165,733,0,12983,7155,715
Alexandria City,29-Oct-2025 05:00:02,4504,0,23,714,4248,15351,2481,0,6729,22103,329,1045,0,126,246,0,161,721,0,13613,7697,793
Alexandria City,30-Oct-2025 05:00:02,4285,0,30,725,3432,16354,3495,0,6927,23311,334,1047,0,133,269,0,158,697,0,14210,8238,863
Alexandria City,31-Oct-2025 05:00:02,4080,0,40,746,3128,17434,3990,0,7118,24592,340,1049,0,141,276,0,156,692,0,14805,8836,951
Alexandria City,01-Nov-2025 05:00:02,3825,0,59,773,2164,18893,5183,0,7347,26299,353,1050,0,157,290,0,151,678,0,15585,9633,1081
Alexandria City,02-Nov-2025 05:00:01,3612,0,110,834,1349,21936,6159,0,7508,29554,371,1056,0,176,302,0,149,667,0,16853,11376,1325
Alexandria City,03-Nov-2025 05:00:02,3559,0,115,835,1401,21936,6159,0,7560,29611,370,1056,0,175,303,0,149,666,0,16874,11407,1330
Alexandria City,04-Nov-2025 05:00:01,3285,0,115,835,542,21937,7287,0,7829,29881,370,1056,0,179,314,0,144,655,0,16965,11563,1353
Alexandria City,05-Nov-2025 05:00:02,3285,0,115,835,546,21937,7287,0,7833,29885,370,1056,0,179,316,0,144,655,0,16966,11566,1353
Alexandria City,06-Nov-2025 05:00:02,2907,0,115,836,921,21937,7287,1,8208,30261,371,1056,0,186,341,0,135,631,0,17089,11792,1380
Alexandria City,07-Nov-2025 05:00:02,2601,0,115,836,1213,21937,7287,2,8500,30554,371,1056,0,187,351,0,133,621,0,17181,11966,1407
Alexandria City,08-Nov-2025 05:00:01,2590,0,115,836,1214,21937,7287,2,8501,30555,371,1052,0,187,351,0,133,617,0,17181,11967,1407
Alexandria City,09-Nov-2025 05:00:02,2590,0,115,836,1214,21937,7287,2,8501,30555,371,1052,0,187,351,0,133,617,0,17181,11967,1407
Alexandria City,10-Nov-2025 05:00:02,2590,0,115,836,1214,21937,7287,2,8501,30555,371,1052,0,187,351,0,133,617,0,17181,11967,1407
Arlington County,17-Sep-2025 22:01:55,0,15797,0,294,0,0,0,0,0,0,338,1856,0,0,0,0,0,0,0,0,0,0
Arlington County,18-Sep-2025 05:00:02,15853,0,0,324,0,0,0,0,0,0,337,1859,0,0,0,0,331,1832,0,0,0,0
Arlington County,19-Sep-2025 05:00:02,15956,0,0,327,0,0,0,0,0,0,336,1867,0,0,0,0,331,1839,0,0,0,0
Arlington County,20-Sep-2025 05:00:01,16030,0,0,378,0,865,0,0,0,865,345,1878,0,6,7,0,332,1838,0,608,221,36
Arlington County,21-Sep-2025 05:00:03,16028,0,0,380,0,865,0,0,0,865,345,1878,0,6,7,0,332,1838,0,608,221,36
Arlington County,22-Sep-2025 05:00:02,16153,0,0,386,0,865,0,0,0,865,350,1887,0,6,7,0,337,1844,0,608,221,36
Arlington County,23-Sep-2025 05:00:01,16242,0,0,453,0,1403,0,0,0,1403,350,1889,0,7,9,0,336,1840,0,997,357,49
Arlington County,24-Sep-2025 05:00:01,16303,0,0,484,0,1878,0,0,0,1878,353,1900,0,10,15,0,336,1842,0,1349,469,60
Arlington County,25-Sep-2025 05:00:02,16344,0,0,490,0,1884,0,0,0,1884,354,1902,0,10,15,0,337,1844,0,1352,472,60
Arlington County,26-Sep-2025 05:00:02,16430,0,0,533,40,2533,0,0,40,2573,361,1907,0,15,18,0,337,1843,0,1866,628,79
Arlington County,29-Sep-2025 17:00:02,16191,0,0,571,447,3055,0,0,447,3502,367,1914,0,22,25,0,336,1840,0,2516,884,102
Arlington County,29-Sep-2025 17:35:10,16172,0,0,571,466,3055,0,0,466,3521,367,1914,0,22,25,0,336,1840,0,2530,889,102
Arlington County,30-Sep-2025 05:00:02,16150,0,0,594,466,3455,0,0,466,3921,372,1917,0,25,28,0,337,1839,0,2813,999,109
Arlington County,01-Oct-2025 05:00:02,16002,0,0,620,674,3783,0,0,674,4457,374,1921,0,28,39,0,336,1831,0,3196,1139,122
Arlington County,02-Oct-2025 05:00:01,15483,0,0,646,1209,4193,0,0,1209,5402,376,1928,0,34,51,0,311,1810,0,3848,1408,146
Arlington County,03-Oct-2025 05:00:02,15192,0,0,675,1583,4696,0,0,1583,6279,383,1934,0,42,53,0,310,1813,0,4469,1641,169
Arlington County,04-Oct-2025 05:00:02,14543,0,0,708,2216,5388,0,0,2216,7604,392,1939,0,52,74,0,306,1797,0,5311,2077,216
Arlington County,05-Oct-2025 05:00:01,14599,0,0,708,2216,5388,0,0,2216,7604,392,1940,0,52,74,0,306,1798,0,5311,2077,216
Arlington County,06-Oct-2025 05:00:01,14599,0,0,708,2216,5388,0,0,2216,7604,392,1940,0,52,74,0,306,1798,0,5311,2077,216
Arlington County,07-Oct-2025 05:00:01,14031,0,0,738,2950,5830,0,0,2950,8780,398,1958,0,61,89,0,303,1797,0,6084,2446,250
Arlington County,08-Oct-2025 05:00:02,13690,0,0,767,3199,6250,0,0,3199,9449,400,1966,0,65,109,0,299,1780,0,6503,2676,270
Arlington County,09-Oct-2025 05:00:02,13241,0,0,790,3720,6527,0,0,3720,10247,404,1979,0,69,127,0,298,1770,0,7004,2948,295
Arlington County,10-Oct-2025 05:00:02,13011,0,0,815,4020,6916,0,0,4020,10936,409,1987,0,76,138,0,296,1764,0,7436,3167,333
Arlington County,11-Oct-2025 05:00:01,12957,0,0,846,4069,7591,0,0,4069,11660,419,2003,0,83,142,0,298,1767,0,7826,3461,373
Arlington County,12-Oct-2025 05:00:02,12957,0,0,846,4069,7591,0,0,4069,11660,419,2003,0,83,142,0,298,1767,0,7826,3461,373
Arlington County,13-Oct-2025 05:00:01,12978,0,0,847,4069,7591,0,0,4069,11660,419,2004,0,83,142,0,298,1768,0,7826,3461,373
Arlington County,14-Oct-2025 05:00:01,12975,0,0,880,4302,8029,0,0,4302,12331,424,2009,0,92,171,0,296,1744,0,8176,3746,409
Arlington County,15-Oct-2025 05:00:02,12718,0,0,920,4648,8525,0,0,4648,13173,428,2016,0,99,205,0,293,1711,0,8655,4059,459
Arlington County,16-Oct-2025 05:00:01,11985,0,0,948,5440,8930,0,0,5440,14370,434,2025,0,104,210,0,293,1713,0,9336,4526,508
Arlington County,17-Oct-2025 05:00:02,11497,0,0,973,5969,9229,0,0,5969,15198,438,2029,0,114,232,0,287,1692,0,9804,4853,541
Arlington County,18-Oct-2025 05:00:02,11365,0,0,993,6156,10010,0,0,6156,16166,445,2038,0,123,237,0,285,1692,0,10345,5238,583
Arlington County,19-Oct-2025 05:00:02,11365,0,0,993,6156,10010,0,0,6156,16166,445,2038,0,123,237,0,285,1692,0,10345,5238,583
Arlington County,20-Oct-2025 05:00:01,11365,0,0,993,6156,10010,0,0,6156,16166,445,2038,0,123,237,0,285,1692,0,10345,5238,583
Arlington County,21-Oct-2025 05:00:02,10991,0,0,1035,6783,10617,0,0,6783,17400,457,2053,0,134,275,0,285,1667,0,11061,5702,637
Arlington County,22-Oct-2025 05:00:01,10199,0,0,1093,7572,12043,0,0,7572,19615,472,2062,0,154,314,0,280,1632,0,12449,6449,717
Arlington County,23-Oct-2025 05:00:03,10139,0,0,1142,7799,13283,0,0,7799,21082,482,2077,0,165,335,0,279,1622,0,13377,6932,773
Arlington County,24-Oct-2025 05:00:02,9938,0,0,1166,6540,13285,1571,0,8111,21396,482,2086,0,171,357,0,272,1606,0,13515,7093,788
Arlington County,25-Oct-2025 05:00:01,9848,0,0,1246,6726,15342,1582,0,8308,23650,505,2099,0,192,412,0,275,1555,0,14848,7915,887
Arlington County,26-Oct-2025 05:00:01,9805,0,0,1314,6726,18206,1582,0,8308,26514,522,2111,0,208,423,0,275,1552,0,16493,9027,994
Arlington County,27-Oct-2025 05:00:01,9784,0,0,1338,6726,19454,1582,0,8308,27762,532,2116,0,218,428,0,275,1549,0,17213,9476,1073
Arlington County,28-Oct-2025 05:00:02,9525,0,24,1361,6559,20113,1980,0,8539,28676,544,2118,0,241,469,0,264,1510,0,17670,9865,1141
Arlington County,29-Oct-2025 05:00:02,8626,0,32,1398,3870,21858,5447,0,9317,31207,566,2123,0,266,487,0,261,1490,0,19040,10874,1293
Arlington County,30-Oct-2025 05:00:02,8415,0,50,1434,3978,23623,5521,0,9499,33172,585,2127,0,288,512,0,258,1465,0,20111,11635,1426
Arlington County,31-Oct-2025 05:00:02,8240,0,74,1476,2633,25572,7006,0,9639,35285,602,2133,0,306,536,0,256,1442,0,21285,12469,1531
Arlington County,01-Nov-2025 05:00:02,8011,0,94,1500,2834,27149,7006,0,9840,37083,616,2139,0,326,572,0,249,1411,0,22072,13340,1671
Arlington County,02-Nov-2025 05:00:01,7940,0,94,1586,1730,32224,8110,0,9840,42158,691,2148,0,401,581,0,248,1406,0,24517,15684,1957
Arlington County,03-Nov-2025 05:00:02,7940,0,160,1586,1730,32224,8110,0,9840,42224,691,2149,0,401,582,0,248,1406,0,24521,15704,1999
Arlington County,04-Nov-2025 05:00:01,6791,0,186,1586,2865,32224,8112,0,10977,43387,691,2149,0,406,583,0,243,1405,0,24986,16282,2119
Arlington County,05-Nov-2025 05:00:02,6250,0,186,1586,3402,32224,8110,0,11512,43922,691,2149,0,420,628,0,229,1359,0,25173,16585,2164
Arlington County,06-Nov-2025 05:00:02,5593,0,186,1587,4062,32224,8112,0,12174,44584,691,2149,0,423,634,0,226,1353,0,25410,16956,2218
Arlington County,07-Nov-2025 05:00:02,4799,0,186,1587,4848,32224,8111,1,12959,45370,691,2149,0,437,698,0,212,1289,0,25694,17383,2293
Arlington County,08-Nov-2025 05:00:01,4702,0,186,1588,4856,32224,8111,0,12967,45377,691,2148,0,437,699,0,204,1265,0,25699,17385,2293
Arlington County,09-Nov-2025 05:00:02,4702,0,186,1588,4856,32224,8111,0,12967,45377,691,2148,0,437,699,0,204,1265,0,25699,17385,2293
Arlington County,10-Nov-2025 05:00:02,4702,0,186,1588,4856,32224,8111,0,12967,45377,691,2148,0,437,699,0,204,1265,0,25699,17385,2293
Fairfax City,17-Sep-2025 22:01:55,1543,0,0,108,0,0,0,0,0,0,25,104,0,0,0,0,23,100,0,0,0,0
Fairfax City,18-Sep-2025 05:00:02,1543,0,0,108,0,0,0,0,0,0,25,104,0,0,0,0,23,100,0,0,0,0
Fairfax City,19-Sep-2025 05:00:02,1548,0,0,104,0,0,0,0,0,0,25,104,0,0,0,0,23,100,0,0,0,0
Fairfax City,20-Sep-2025 05:00:01,1540,0,0,109,18,137,0,0,18,155,26,105,0,1,0,0,23,101,0,131,23,1
Fairfax City,21-Sep-2025 05:00:03,1540,0,0,109,18,137,0,0,18,155,26,105,0,1,0,0,23,101,0,131,23,1
Fairfax City,22-Sep-2025 05:00:02,1540,0,0,109,18,137,0,0,18,155,26,105,0,1,0,0,23,101,0,131,23,1
Fairfax City,23-Sep-2025 05:00:01,1394,0,0,113,165,246,0,0,165,411,26,105,0,2,0,0,22,101,0,343,64,4
Fairfax City,24-Sep-2025 05:00:01,1374,0,0,115,196,355,0,0,196,551,27,105,0,3,0,0,22,101,0,450,94,7
Fairfax City,25-Sep-2025 05:00:02,1303,0,0,115,265,411,0,0,265,676,27,105,0,3,0,0,22,101,0,540,128,8
Fairfax City,26-Sep-2025 05:00:02,1237,0,0,120,326,485,0,0,326,811,27,105,0,3,0,0,21,101,0,654,148,9
Fairfax City,29-Sep-2025 17:00:02,1202,0,0,121,349,570,0,0,349,919,28,106,0,4,2,0,17,100,0,743,166,10
Fairfax City,29-Sep-2025 17:35:10,1190,0,0,121,360,570,0,0,360,930,28,106,0,4,2,0,17,100,0,751,169,10
Fairfax City,30-Sep-2025 05:00:02,1121,0,0,125,426,650,0,0,426,1076,28,106,0,4,2,0,17,100,0,855,207,14
Fairfax City,01-Oct-2025 05:00:02,1139,0,0,128,433,719,0,0,433,1152,29,110,0,4,3,0,18,102,0,920,218,14
Fairfax City,02-Oct-2025 05:00:01,1123,0,0,130,448,787,0,0,448,1235,30,110,0,5,3,0,18,102,0,989,232,14
Fairfax City,03-Oct-2025 05:00:02,1073,0,0,131,507,867,0,0,507,1374,30,110,0,5,6,0,18,99,0,1096,264,14
Fairfax City,04-Oct-2025 05:00:02,1052,0,0,133,533,968,0,0,533,1501,30,111,0,5,6,0,18,99,0,1191,296,14
Fairfax City,05-Oct-2025 05:00:01,1052,0,0,133,533,968,0,0,533,1501,30,111,0,5,6,0,18,99,0,1191,296,14
Fairfax City,06-Oct-2025 05:00:01,1052,0,0,133,533,968,0,0,533,1501,30,111,0,5,6,0,18,99,0,1191,296,14
Fairfax City,07-Oct-2025 05:00:01,1027,0,0,135,573,1056,0,0,573,1629,30,111,0,5,9,0,18,96,0,1276,333,20
Fairfax City,08-Oct-2025 05:00:02,1004,0,0,136,603,1138,0,0,603,1741,31,112,0,5,9,0,19,97,0,1355,364,22
Fairfax City,09-Oct-2025 05:00:02,975,0,0,138,629,1138,0,0,629,1767,31,112,0,5,10,0,19,96,0,1369,376,22
Fairfax City,10-Oct-2025 05:00:02,936,0,0,143,672,1269,0,0,672,1941,31,113,0,5,11,0,19,96,0,1497,419,25
Fairfax City,11-Oct-2025 05:00:01,938,0,0,146,676,1391,0,0,676,2067,32,113,0,6,11,0,19,96,0,1591,448,28
Fairfax City,12-Oct-2025 05:00:02,938,0,0,146,676,1391,0,0,676,2067,32,113,0,6,11,0,19,96,0,1591,448,28
Fairfax City,13-Oct-2025 05:00:01,938,0,0,146,676,1391,0,0,676,2067,32,113,0,6,11,0,19,96,0,1591,448,28
Fairfax City,14-Oct-2025 05:00:01,919,0,0,152,692,1457,0,0,692,2149,33,113,0,7,11,0,19,96,0,1651,466,32
Fairfax City,15-Oct-2025 05:00:02,912,0,0,158,715,1555,0,0,715,2270,34,117,0,7,12,0,20,98,0,1738,495,37
Fairfax City,16-Oct-2025 05:00:01,877,0,0,158,749,1617,0,0,749,2366,34,117,0,8,16,0,19,94,0,1802,526,38
Fairfax City,17-Oct-2025 05:00:02,838,0,0,158,786,1670,0,0,786,2456,34,117,0,8,16,0,19,94,0,1867,549,40
Fairfax City,18-Oct-2025 05:00:02,860,0,0,163,788,1778,0,0,788,2566,34,118,0,8,16,0,19,95,0,1952,568,46
Fairfax City,19-Oct-2025 05:00:02,860,0,0,163,788,1778,0,0,788,2566,34,118,0,8,16,0,19,95,0,1952,568,46
Fairfax City,20-Oct-2025 05:00:01,860,0,0,163,788,1778,0,0,788,2566,34,118,0,8,16,0,19,95,0,1952,568,46
Fairfax City,21-Oct-2025 05:00:02,784,0,0,166,856,1877,0,0,856,2733,35,118,0,9,17,0,19,94,0,2061,620,52
Fairfax City,22-Oct-2025 05:00:01,792,0,0,168,868,1947,0,0,868,2815,35,119,0,9,18,0,19,93,0,2125,638,52
Fairfax City,23-Oct-2025 05:00:03,783,0,0,177,875,2021,0,0,875,2896,36,119,0,10,21,0,19,90,0,2189,653,54
Fairfax City,24-Oct-2025 05:00:02,740,0,0,177,917,2107,0,0,917,3024,37,119,0,11,26,0,19,85,0,2272,696,56
Fairfax City,25-Oct-2025 05:00:01,743,0,0,180,940,2266,0,0,940,3206,39,119,0,12,30,0,20,81,0,2403,742,61
Fairfax City,26-Oct-2025 05:00:01,734,0,3,185,944,2532,0,0,944,3479,41,119,0,14,30,0,20,81,0,2563,843,73
Fairfax City,27-Oct-2025 05:00:01,734,0,3,185,944,2532,0,0,944,3479,41,119,0,14,30,0,20,81,0,2563,843,73
Fairfax City,28-Oct-2025 05:00:02,699,0,3,190,980,2667,0,0,980,3650,43,119,0,17,30,0,19,81,0,2673,899,78
Fairfax City,29-Oct-2025 05:00:02,684,0,3,191,194,2791,800,0,994,3788,44,119,0,18,31,0,19,80,0,2769,937,82
Fairfax City,30-Oct-2025 05:00:02,648,0,3,193,228,2936,800,0,1028,3967,44,119,0,18,33,0,19,78,0,2872,1009,86
Fairfax City,31-Oct-2025 05:00:02,620,0,3,197,253,3106,800,0,1053,4162,47,119,0,22,33,0,18,78,0,2990,1076,96
Fairfax City,01-Nov-2025 05:00:02,598,0,10,200,273,3459,800,0,1073,4542,54,119,0,29,33,0,18,78,0,3200,1233,109
Fairfax City,02-Nov-2025 05:00:01,565,0,15,210,42,4015,1056,0,1098,5128,59,119,0,34,33,0,18,78,0,3507,1491,130
Fairfax City,03-Nov-2025 05:00:02,564,0,15,210,43,4015,1056,0,1099,5129,59,119,0,34,33,0,18,78,0,3508,1491,130
Fairfax City,04-Nov-2025 05:00:01,506,0,15,210,98,4016,1056,0,1154,5185,59,119,0,34,38,0,18,72,0,3533,1519,133
Fairfax City,05-Nov-2025 05:00:02,472,0,15,210,131,4016,1056,0,1187,5218,59,119,0,34,40,0,18,70,0,3541,1544,133
Fairfax City,06-Nov-2025 05:00:02,472,0,15,210,131,4016,1056,0,1187,5218,59,119,0,34,40,0,18,70,0,3541,1544,133
Fairfax City,07-Nov-2025 05:00:02,414,0,15,210,188,4016,1056,0,1244,5275,59,119,0,34,41,0,18,69,0,3559,1578,138
Fairfax City,08-Nov-2025 05:00:01,407,0,15,210,191,4016,1056,0,1247,5278,59,119,0,34,41,0,18,69,0,3560,1580,138
Fairfax City,09-Nov-2025 05:00:02,407,0,15,210,191,4016,1056,0,1247,5278,59,119,0,34,41,0,18,69,0,3560,1580,138
Fairfax City,10-Nov-2025 05:00:02,407,0,15,210,191,4016,1056,0,1247,5278,59,119,0,34,41,0,18,69,0,3560,1580,138
Fairfax County,17-Sep-2025 22:01:55,4466,69102,0,976,0,0,0,0,0,0,1722,4134,0,0,0,0,791,3347,0,0,0,0
Fairfax County,18-Sep-2025 05:00:02,4466,69352,0,1042,0,0,0,0,0,0,1729,4137,0,0,0,0,791,3346,0,0,0,0
Fairfax County,19-Sep-2025 05:00:02,4467,69481,0,1079,0,0,0,0,0,0,1732,4142,0,0,0,0,791,3349,0,0,0,0
Fairfax County,20-Sep-2025 05:00:01,74525,10,0,1215,0,2432,0,0,0,2432,1753,4158,0,13,4,0,1665,4080,0,2032,371,29
Fairfax County,21-Sep-2025 05:00:03,74669,10,0,1292,0,4464,0,0,0,4464,1778,4158,0,37,8,0,1664,4071,0,3613,777,74
Fairfax County,22-Sep-2025 05:00:02,74667,10,0,1294,0,4464,0,0,0,4464,1778,4158,0,37,8,0,1664,4071,0,3613,777,74
Fairfax County,23-Sep-2025 05:00:01,75332,10,0,1397,0,6210,0,0,0,6210,1783,4189,0,43,14,0,1662,4085,0,5107,1011,92
Fairfax County,24-Sep-2025 05:00:01,75536,11,0,1498,0,7940,0,0,0,7940,1803,4196,0,57,12,0,1668,4093,0,6574,1253,113
Fairfax County,25-Sep-2025 05:00:02,75894,0,0,1578,0,9346,4,0,4,9350,1817,4209,0,69,18,0,1667,4096,0,7778,1438,134
Fairfax County,26-Sep-2025 05:00:02,76074,1,0,1653,0,10710,94,0,94,10804,1832,4221,0,81,25,0,1669,4098,0,8997,1656,151
Fairfax County,29-Sep-2025 17:00:02,74545,1,0,1762,0,12692,2531,0,2531,15223,1869,4237,0,98,35,0,1688,4099,0,12558,2472,193
Fairfax County,29-Sep-2025 17:35:10,74545,1,0,1762,0,12692,2531,0,2531,15223,1869,4237,0,98,35,0,1688,4099,0,12558,2472,193
Fairfax County,30-Sep-2025 05:00:02,74539,1,0,1800,0,14372,2531,0,2531,16903,1875,4234,0,109,39,0,1679,4092,0,13929,2764,210
Fairfax County,01-Oct-2025 05:00:02,71170,1,0,1891,9,15775,6244,0,6253,22028,1897,4277,0,135,57,0,1627,4071,0,17884,3882,262
Fairfax County,02-Oct-2025 05:00:01,66641,1,0,1983,6,17271,10988,0,10994,28265,1921,4294,0,150,58,0,1609,4082,0,22622,5309,334
Fairfax County,03-Oct-2025 05:00:02,63411,2,0,2059,7,19004,14445,0,14452,33456,1934,4306,0,201,80,0,1572,4064,0,26360,6682,414
Fairfax County,04-Oct-2025 05:00:02,60845,2,0,2140,22,21077,17170,0,17192,38269,1952,4313,0,241,109,0,1549,4039,0,29860,7912,497
Fairfax County,05-Oct-2025 05:00:01,60845,2,0,2139,22,21077,17170,0,17192,38269,1951,4313,0,241,109,0,1549,4039,0,29860,7912,497
Fairfax County,06-Oct-2025 05:00:01,60845,2,0,2139,22,21077,17170,0,17192,38269,1951,4313,0,241,109,0,1549,4039,0,29860,7912,497
Fairfax County,07-Oct-2025 05:00:01,60269,2,0,2262,8,22783,18542,0,18550,41333,1984,4347,0,273,125,0,1545,4048,0,32078,8689,566
Fairfax County,08-Oct-2025 05:00:02,55886,2,0,2312,48,24262,23067,0,23115,47377,2012,4372,0,334,178,0,1511,4013,0,36244,10454,679
Fairfax County,09-Oct-2025 05:00:02,55825,2,0,2373,80,25533,23383,0,23463,48996,2035,4383,0,357,191,0,1507,4013,0,37451,10830,715
Fairfax County,10-Oct-2025 05:00:02,53754,2,0,2427,29,26817,25729,0,25758,52575,2052,4395,0,383,205,0,1489,4005,0,39914,11874,787
Fairfax County,11-Oct-2025 05:00:01,52706,2,0,2495,44,28847,27036,0,27080,55927,2087,4403,0,424,218,0,1478,3996,0,42143,12870,914
Fairfax County,12-Oct-2025 05:00:02,52706,2,0,2495,44,28847,27036,0,27080,55927,2087,4403,0,424,218,0,1478,3996,0,42143,12870,914
Fairfax County,13-Oct-2025 05:00:01,52706,2,0,2495,44,28847,27036,0,27080,55927,2087,4403,0,424,218,0,1478,3996,0,42143,12870,914
Fairfax County,14-Oct-2025 05:00:01,50892,2,0,2607,1,31005,29537,0,29538,60543,2138,4428,0,474,279,0,1477,3953,0,44980,14451,1112
Fairfax County,15-Oct-2025 05:00:02,51193,2,0,2675,44,32732,29532,0,29576,62308,2159,4434,0,491,281,0,1482,3955,0,46195,14927,1186
Fairfax County,16-Oct-2025 05:00:01,49352,2,0,2735,66,34161,31633,0,31699,65860,2179,4461,0,537,341,0,1454,3913,0,48552,16034,1274
Fairfax County,17-Oct-2025 05:00:02,49671,3,0,2808,27,35475,31687,0,31714,67189,2195,4485,0,552,346,0,1455,3923,0,49500,16378,1311
Fairfax County,18-Oct-2025 05:00:02,47777,3,0,2870,56,37354,33786,0,33842,71196,2224,4500,0,601,454,0,1431,3825,0,52103,17628,1465
Fairfax County,19-Oct-2025 05:00:02,47777,3,0,2869,56,37354,33786,0,33842,71196,2223,4500,0,601,454,0,1431,3825,0,52103,17628,1465
Fairfax County,20-Oct-2025 05:00:01,47777,3,0,2869,56,37354,33786,0,33842,71196,2223,4500,0,601,454,0,1431,3825,0,52103,17628,1465
Fairfax County,21-Oct-2025 05:00:02,46600,3,0,3002,45,39151,35722,0,35767,74918,2256,4526,0,637,498,0,1426,3801,0,54587,18750,1581
Fairfax County,22-Oct-2025 05:00:01,43810,3,0,3084,18,40758,38767,0,38785,79543,2283,4525,0,710,593,0,1378,3704,0,57488,20333,1722
Fairfax County,23-Oct-2025 05:00:03,43901,3,0,3149,4,42183,39075,0,39079,81262,2305,4548,0,730,634,0,1379,3684,0,58688,20811,1763
Fairfax County,24-Oct-2025 05:00:02,44174,4,0,3308,23,50195,39075,0,39098,89293,2384,4566,0,799,643,0,1382,3688,0,64732,22626,1935
Fairfax County,25-Oct-2025 05:00:01,41507,3,0,3470,6,59107,42039,0,42045,101152,2469,4604,0,897,797,0,1359,3547,0,72927,25951,2274
Fairfax County,26-Oct-2025 05:00:01,41388,3,11,3625,6,71217,42039,0,42045,113273,2608,4616,0,1036,808,0,1359,3543,0,80975,29633,2665
Fairfax County,27-Oct-2025 05:00:01,41346,3,24,3695,6,76306,42039,0,42045,118375,2663,4625,0,1088,817,0,1359,3539,0,84268,31256,2851
Fairfax County,28-Oct-2025 05:00:02,39153,3,78,3815,6,84223,44104,0,44110,128411,2732,4641,0,1173,887,0,1335,3475,0,91337,33983,3091
Fairfax County,29-Oct-2025 05:00:02,35555,3,131,3934,70,91504,47424,1,47494,139130,2828,4653,0,1325,1015,0,1275,3353,0,98229,37434,3467
Fairfax County,30-Oct-2025 05:00:02,34760,3,168,4038,19,98912,48207,1,48226,147307,2913,4670,0,1417,1058,0,1264,3320,0,103636,39948,3723
Fairfax County,31-Oct-2025 05:00:02,32946,3,206,4145,12,107337,49955,1,49967,157511,3015,4689,0,1547,1146,0,1235,3243,0,110037,43416,4058
Fairfax County,01-Nov-2025 05:00:02,31194,3,263,4296,42,117886,51525,1,51567,169717,3181,4698,0,1733,1206,0,1213,3185,0,117216,47976,4525
Fairfax County,02-Nov-2025 05:00:01,30963,3,404,4563,42,137215,51525,1,51567,189187,3497,4726,0,2049,1235,0,1205,3169,0,127676,56134,5377
Fairfax County,03-Nov-2025 05:00:02,30963,3,441,4563,42,137215,51525,1,51567,189224,3501,4725,0,2052,1235,0,1205,3169,0,127676,56134,5414
Fairfax County,04-Nov-2025 05:00:01,26029,2,441,4563,25,137215,56387,1,56412,194069,3501,4725,0,2096,1299,0,1162,3104,0,129998,58411,5660
Fairfax County,05-Nov-2025 05:00:02,24077,2,441,4564,34,137215,58332,1,58366,196023,3502,4726,0,2145,1403,0,1111,3001,0,130724,59507,5792
Fairfax County,06-Nov-2025 05:00:02,20039,2,441,4564,13,137215,62397,1,62410,200067,3501,4723,0,2169,1457,0,1086,2945,0,132574,61497,5996
Fairfax County,07-Nov-2025 05:00:02,19045,2,441,4564,7,137215,63333,1,63340,200997,3501,4718,0,2183,1493,0,1072,2903,0,132878,62057,6062
Fairfax County,08-Nov-2025 05:00:01,18311,2,441,4572,2,137215,63831,2,63833,201491,3500,4721,0,2206,1541,0,1044,2854,0,132961,62403,6127
Fairfax County,09-Nov-2025 05:00:02,18292,2,441,4590,0,137215,63832,2,63832,201490,3500,4721,0,2206,1541,0,1044,2853,0,132961,62402,6127
Fairfax County,10-Nov-2025 05:00:02,18292,2,441,4591,0,137215,63832,2,63832,201490,3500,4721,0,2206,1541,0,1044,2853,0,132961,62402,6127
Falls Church City,17-Sep-2025 22:01:55,1201,0,0,9,0,0,0,0,0,0,28,251,0,0,0,0,27,250,0,0,0,0
Falls Church City,18-Sep-2025 05:00:02,1201,0,0,11,0,0,0,0,0,0,28,251,0,0,0,0,27,250,0,0,0,0
Falls Church City,19-Sep-2025 05:00:02,1202,0,0,12,0,0,0,0,0,0,28,252,0,0,0,0,27,250,0,0,0,0
Falls Church City,20-Sep-2025 05:00:01,1193,0,0,19,9,96,0,0,9,105,29,253,0,1,2,0,26,248,0,79,26,0
Falls Church City,21-Sep-2025 05:00:03,1193,0,0,19,9,96,0,0,9,105,29,253,0,1,2,0,26,248,0,79,26,0
Falls Church City,22-Sep-2025 05:00:02,1193,0,0,19,9,96,0,0,9,105,29,253,0,1,2,0,26,248,0,79,26,0
Falls Church City,23-Sep-2025 05:00:01,1192,0,0,29,16,175,0,0,16,191,30,253,0,1,4,0,26,244,0,149,39,3
Falls Church City,24-Sep-2025 05:00:01,1173,0,0,29,36,175,0,0,36,211,30,253,0,1,4,0,26,244,0,167,41,3
Falls Church City,25-Sep-2025 05:00:02,1163,0,0,30,47,258,0,0,47,305,31,255,0,2,6,0,26,243,0,240,57,8
Falls Church City,26-Sep-2025 05:00:02,1129,0,0,34,94,314,0,0,94,408,31,258,0,2,8,0,26,243,0,312,87,9
Falls Church City,29-Sep-2025 17:00:02,1111,0,0,35,130,370,0,0,130,500,33,260,0,4,10,0,26,242,0,382,105,13
Falls Church City,29-Sep-2025 17:35:10,1111,0,0,35,130,370,0,0,130,500,33,260,0,4,10,0,26,242,0,382,105,13
Falls Church City,30-Sep-2025 05:00:02,1111,0,0,35,130,370,0,0,130,500,33,260,0,4,10,0,26,242,0,382,105,13
Falls Church City,01-Oct-2025 05:00:02,1103,0,0,40,140,471,0,0,140,611,33,263,0,4,12,0,26,242,0,464,129,18
Falls Church City,02-Oct-2025 05:00:01,1090,0,0,40,154,471,0,0,154,625,33,263,0,5,13,0,25,241,0,471,135,19
Falls Church City,03-Oct-2025 05:00:02,1077,0,0,45,174,575,0,0,174,749,35,268,0,7,15,0,25,243,0,553,172,24
Falls Church City,04-Oct-2025 05:00:02,1040,0,0,47,220,575,0,0,220,795,35,270,0,7,17,0,25,242,0,582,189,24
Falls Church City,05-Oct-2025 05:00:01,1040,0,0,47,220,575,0,0,220,795,35,270,0,7,17,0,25,242,0,582,189,24
Falls Church City,06-Oct-2025 05:00:01,1050,0,0,47,220,575,0,0,220,795,35,272,0,7,17,0,25,244,0,582,189,24
Falls Church City,07-Oct-2025 05:00:01,1019,0,0,52,252,711,0,0,252,963,36,271,0,9,19,0,24,241,0,687,250,26
Falls Church City,08-Oct-2025 05:00:02,1011,0,0,55,258,762,0,0,258,1020,37,272,0,9,19,0,25,242,0,735,258,27
Falls Church City,09-Oct-2025 05:00:02,977,0,0,58,300,803,0,0,300,1103,39,271,0,11,19,0,25,242,0,791,285,27
Falls Church City,10-Oct-2025 05:00:02,936,0,0,59,343,845,0,0,343,1188,39,272,0,11,23,0,25,239,0,841,315,32
Falls Church City,11-Oct-2025 05:00:01,931,0,0,61,352,958,0,0,352,1310,41,274,0,14,24,0,24,240,0,919,350,41
Falls Church City,12-Oct-2025 05:00:02,931,0,0,61,352,958,0,0,352,1310,41,274,0,14,24,0,24,240,0,919,350,41
Falls Church City,13-Oct-2025 05:00:01,931,0,0,61,352,958,0,0,352,1310,41,274,0,14,24,0,24,240,0,919,350,41
Falls Church City,14-Oct-2025 05:00:01,931,0,0,61,352,958,0,0,352,1310,41,274,0,14,24,0,24,240,0,919,350,41
Falls Church City,15-Oct-2025 05:00:02,941,0,0,63,366,1063,0,0,366,1429,42,279,0,15,24,0,24,245,0,986,390,53
Falls Church City,16-Oct-2025 05:00:01,912,0,0,63,400,1132,0,0,400,1532,44,279,0,16,26,0,25,243,0,1055,422,55
Falls Church City,17-Oct-2025 05:00:02,895,0,0,68,417,1189,0,0,417,1606,44,279,0,16,31,0,25,237,0,1102,446,58
Falls Church City,18-Oct-2025 05:00:02,853,0,0,69,460,1294,0,0,460,1754,44,282,0,16,40,0,25,230,0,1190,498,66
Falls Church City,19-Oct-2025 05:00:02,853,0,0,69,460,1294,0,0,460,1754,44,282,0,16,40,0,25,230,0,1190,498,66
Falls Church City,20-Oct-2025 05:00:01,856,0,0,69,460,1294,0,0,460,1754,44,282,0,16,40,0,25,230,0,1190,498,66
Falls Church City,21-Oct-2025 05:00:02,829,0,0,74,499,1378,0,0,499,1877,44,284,0,16,44,0,25,227,0,1272,536,69
Falls Church City,22-Oct-2025 05:00:01,830,0,0,80,507,1452,0,0,507,1959,44,285,0,16,44,0,25,228,0,1332,557,70
Falls Church City,23-Oct-2025 05:00:03,824,0,0,84,518,1528,0,0,518,2046,45,287,0,16,48,0,26,226,0,1377,597,72
Falls Church City,24-Oct-2025 05:00:02,813,0,0,88,533,1633,0,0,533,2166,46,289,0,17,48,0,26,226,0,1458,629,79
Falls Church City,25-Oct-2025 05:00:01,753,0,0,91,596,1756,0,0,596,2352,47,291,0,19,56,0,25,219,0,1571,696,85
Falls Church City,26-Oct-2025 05:00:01,749,0,0,93,601,1939,0,0,601,2540,51,296,0,23,61,0,23,219,0,1675,776,89
Falls Church City,27-Oct-2025 05:00:01,747,0,2,95,601,1995,0,0,601,2598,52,297,0,24,62,0,23,219,0,1705,802,91
Falls Church City,28-Oct-2025 05:00:02,717,0,2,104,424,2109,199,0,623,2734,53,300,0,25,65,0,22,217,0,1796,841,97
Falls Church City,29-Oct-2025 05:00:02,705,0,2,107,309,2263,322,0,631,2896,54,301,0,27,68,0,21,214,0,1903,889,104
Falls Church City,30-Oct-2025 05:00:02,672,0,5,110,337,2450,322,0,659,3114,58,305,0,31,77,0,21,206,0,2035,968,111
Falls Church City,31-Oct-2025 05:00:02,653,0,5,117,345,2643,322,0,667,3315,58,306,0,31,78,0,21,204,0,2169,1028,118
Falls Church City,01-Nov-2025 05:00:02,628,0,5,124,366,2993,323,0,689,3687,60,308,0,33,82,0,21,203,0,2389,1164,134
Falls Church City,02-Nov-2025 05:00:01,577,0,12,144,132,3551,590,0,722,4285,67,313,0,40,95,0,20,193,0,2706,1408,171
Falls Church City,03-Nov-2025 05:00:02,577,0,12,144,132,3551,590,0,722,4285,67,312,0,40,94,0,20,193,0,2706,1408,171
Falls Church City,04-Nov-2025 05:00:01,526,0,12,144,184,3555,590,0,774,4341,67,312,0,40,100,0,20,188,0,2731,1436,174
Falls Church City,05-Nov-2025 05:00:02,455,0,12,144,209,3556,636,0,845,4413,67,312,0,40,101,0,20,187,0,2756,1477,180
Falls Church City,06-Nov-2025 05:00:02,455,0,12,144,209,3556,636,0,845,4413,67,311,0,40,101,0,20,186,0,2756,1477,180
Falls Church City,07-Nov-2025 05:00:02,429,0,12,144,235,3556,636,0,871,4439,67,311,0,40,106,0,20,181,0,2763,1493,183
Falls Church City,08-Nov-2025 05:00:01,420,0,12,144,207,3556,665,0,872,4440,67,311,0,40,106,0,20,176,0,2763,1494,183
Falls Church City,09-Nov-2025 05:00:02,420,0,12,144,207,3556,665,0,872,4440,67,311,0,40,106,0,20,176,0,2763,1494,183
Falls Church City,10-Nov-2025 05:00:02,420,0,12,144,207,3556,665,0,872,4440,67,311,0,40,106,0,20,176,0,2763,1494,183
Loudoun County,17-Sep-2025 22:01:55,23924,1,0,253,0,0,0,0,0,0,347,977,0,0,0,0,343,968,0,0,0,0
Loudoun County,18-Sep-2025 05:00:02,23965,1,0,271,0,0,0,0,0,0,347,975,0,0,0,0,343,964,0,0,0,0
Loudoun County,19-Sep-2025 05:00:02,24023,1,0,296,0,0,0,0,0,0,347,975,0,0,0,0,342,965,0,0,0,0
Loudoun County,20-Sep-2025 05:00:01,24129,1,0,327,0,1054,0,0,0,1054,356,990,0,7,7,0,344,971,0,921,125,8
Loudoun County,21-Sep-2025 05:00:03,24129,1,0,327,0,1054,0,0,0,1054,356,990,0,7,7,0,344,971,0,921,125,8
Loudoun County,22-Sep-2025 05:00:02,24128,1,0,328,0,1054,0,0,0,1054,356,990,0,7,7,0,344,971,0,921,125,8
Loudoun County,23-Sep-2025 05:00:01,24362,1,0,367,1,1815,0,0,1,1816,361,1000,0,8,10,0,348,976,0,1592,210,14
Loudoun County,24-Sep-2025 05:00:01,24443,1,0,405,6,2505,0,0,6,2511,366,1003,0,14,10,0,347,979,0,2198,294,19
Loudoun County,25-Sep-2025 05:00:02,24505,1,0,425,66,3047,0,0,66,3113,367,1008,0,15,11,0,347,982,0,2708,378,27
Loudoun County,26-Sep-2025 05:00:02,24544,0,0,462,130,3621,0,0,130,3751,372,1011,0,17,17,0,348,978,0,3267,450,34
Loudoun County,29-Sep-2025 17:00:02,23215,0,0,509,1675,4348,0,0,1675,6023,376,1019,0,20,27,0,346,970,0,5001,968,54
Loudoun County,29-Sep-2025 17:35:10,23217,0,0,510,1675,4348,0,0,1675,6023,376,1019,0,20,27,0,346,969,0,5001,968,54
Loudoun County,30-Sep-2025 05:00:02,23207,0,0,531,1675,4867,0,0,1675,6542,380,1019,0,23,30,0,345,970,0,5432,1051,59
Loudoun County,01-Oct-2025 05:00:02,22203,0,0,580,2728,5322,0,0,2728,8050,382,1023,0,28,34,0,340,969,0,6586,1387,77
Loudoun County,02-Oct-2025 05:00:01,21251,0,0,623,3764,5856,0,0,3764,9620,384,1028,0,31,42,0,338,965,0,7764,1763,93
Loudoun County,03-Oct-2025 05:00:02,20089,0,0,650,4698,6566,0,0,4698,11264,393,1035,0,41,54,0,319,955,0,9003,2153,108
Loudoun County,04-Oct-2025 05:00:02,19447,0,0,677,5421,7296,0,0,5421,12717,396,1037,0,49,65,0,314,945,0,10094,2488,135
Loudoun County,05-Oct-2025 05:00:01,19447,0,0,677,5421,7296,0,0,5421,12717,396,1037,0,49,65,0,314,945,0,10094,2488,135
Loudoun County,06-Oct-2025 05:00:01,19447,0,0,677,5421,7296,0,0,5421,12717,396,1037,0,49,65,0,314,945,0,10094,2488,135
Loudoun County,07-Oct-2025 05:00:01,18736,0,0,741,6396,7932,0,0,6396,14328,397,1052,0,60,82,0,304,934,0,11260,2905,163
Loudoun County,08-Oct-2025 05:00:02,18460,0,0,780,6709,8479,0,0,6709,15188,398,1065,0,62,89,0,301,937,0,11963,3047,178
Loudoun County,09-Oct-2025 05:00:02,17799,0,0,810,7451,9054,0,0,7451,16505,406,1068,0,71,93,0,296,936,0,12918,3379,208
Loudoun County,10-Oct-2025 05:00:02,17301,0,0,848,8036,9592,0,0,8036,17628,410,1071,0,77,100,0,291,929,0,13724,3678,226
Loudoun County,11-Oct-2025 05:00:01,16980,0,0,901,8505,10614,0,0,8505,19119,421,1070,0,92,100,0,284,928,0,14791,4067,261
Loudoun County,12-Oct-2025 05:00:02,16980,0,0,901,8505,10614,0,0,8505,19119,421,1070,0,92,100,0,284,928,0,14791,4067,261
Loudoun County,13-Oct-2025 05:00:01,16989,0,0,903,8513,10614,0,0,8513,19127,426,1080,0,93,107,0,288,931,0,14794,4072,261
Loudoun County,14-Oct-2025 05:00:01,16985,0,0,909,8520,10614,0,0,8520,19134,430,1083,0,93,114,0,291,927,0,14795,4078,261
Loudoun County,15-Oct-2025 05:00:02,16235,0,1,985,9731,11581,0,0,9731,21313,432,1089,0,103,130,0,283,912,0,16263,4735,315
Loudoun County,16-Oct-2025 05:00:01,16266,0,1,1024,9799,12247,0,0,9799,22047,439,1099,0,107,145,0,285,905,0,16853,4859,335
Loudoun County,17-Oct-2025 05:00:02,15979,0,1,1057,10202,12878,0,0,10202,23081,447,1103,0,116,154,0,281,899,0,17601,5130,350
Loudoun County,18-Oct-2025 05:00:02,15322,0,1,1104,10967,13978,0,0,10967,24946,454,1109,0,127,166,0,276,892,0,18857,5672,417
Loudoun County,19-Oct-2025 05:00:02,15322,0,1,1104,10967,13978,0,0,10967,24946,454,1109,0,127,166,0,276,892,0,18857,5672,417
Loudoun County,20-Oct-2025 05:00:01,15322,0,1,1104,10967,13978,0,0,10967,24946,454,1109,0,127,166,0,276,892,0,18857,5672,417
Loudoun County,21-Oct-2025 05:00:02,14507,0,1,1164,12122,17079,0,0,12122,29202,470,1130,0,144,206,0,275,871,0,21913,6775,514
Loudoun County,22-Oct-2025 05:00:01,14517,0,1,1215,11888,19734,298,0,12186,31921,485,1136,0,159,216,0,273,865,0,23957,7390,574
Loudoun County,23-Oct-2025 05:00:03,14070,0,1,1276,10932,21935,1804,0,12736,34672,502,1141,0,175,226,0,272,858,0,25922,8104,646
Loudoun County,24-Oct-2025 05:00:02,13679,0,1,1337,10122,24478,3120,0,13242,37721,515,1155,0,192,252,0,266,838,0,28029,8956,736
Loudoun County,25-Oct-2025 05:00:01,13410,0,1,1404,9732,27421,3958,0,13690,41112,531,1168,0,212,272,0,259,828,0,30338,9942,832
Loudoun County,26-Oct-2025 05:00:01,12982,0,28,1478,9274,31251,4795,0,14069,45348,551,1179,0,232,285,0,259,823,0,33141,11229,978
Loudoun County,27-Oct-2025 05:00:01,12982,0,28,1478,9274,31251,4795,0,14069,45348,551,1179,0,232,285,0,259,823,0,33141,11229,978
Loudoun County,28-Oct-2025 05:00:02,12115,0,33,1512,10103,33614,4795,0,14898,48545,562,1188,0,247,305,0,255,809,0,35334,12140,1071
Loudoun County,29-Oct-2025 05:00:02,11902,0,42,1550,9176,36516,5900,0,15076,51634,580,1195,0,267,317,0,253,802,0,37442,13021,1171
Loudoun County,30-Oct-2025 05:00:02,11369,0,52,1580,7537,38865,8036,0,15573,54490,599,1200,0,289,336,0,250,786,0,39328,13895,1267
Loudoun County,31-Oct-2025 05:00:02,10688,0,65,1636,4387,42225,11798,0,16185,58475,623,1210,0,316,362,0,245,769,0,41807,15270,1398
Loudoun County,01-Nov-2025 05:00:02,10133,0,90,1689,4441,46548,12256,0,16697,63335,645,1221,0,341,392,0,241,747,0,44911,16830,1594
Loudoun County,02-Nov-2025 05:00:01,9389,0,136,1805,3010,53518,14338,0,17348,71002,701,1235,0,402,410,0,234,739,0,49385,19715,1902
Loudoun County,03-Nov-2025 05:00:02,9389,0,136,1805,3010,53518,14338,0,17348,71002,701,1235,0,402,410,0,234,739,0,49385,19715,1902
Loudoun County,04-Nov-2025 05:00:01,8452,0,136,1807,3967,53518,14337,0,18304,71958,701,1235,0,410,424,0,226,726,0,49809,20181,1968
Loudoun County,05-Nov-2025 05:00:02,8159,0,136,1807,894,53518,17696,0,18590,72244,701,1235,0,412,427,0,224,722,0,49917,20344,1983
Loudoun County,06-Nov-2025 05:00:02,7133,0,136,1807,1919,53518,17696,0,19615,73269,701,1234,0,416,442,0,220,706,0,50327,20899,2043
Loudoun County,07-Nov-2025 05:00:02,6367,0,136,1807,450,53518,19798,0,20248,73902,700,1234,0,417,454,0,218,694,0,50553,21264,2085
Loudoun County,08-Nov-2025 05:00:01,6038,0,136,1807,281,53518,20094,0,20375,74029,700,1234,0,420,467,0,212,680,0,50584,21346,2099
Loudoun County,09-Nov-2025 05:00:02,6038,0,136,1807,281,53518,20094,0,20375,74029,700,1234,0,420,467,0,212,680,0,50584,21346,2099
Loudoun County,10-Nov-2025 05:00:02,6038,0,136,1807,281,53518,20094,0,20375,74029,700,1234,0,420,467,0,212,680,0,50584,21346,2099
Manassas City,17-Sep-2025 22:01:55,1680,0,0,34,0,0,0,0,0,0,38,31,0,0,0,0,37,30,0,0,0,0
Manassas City,18-Sep-2025 05:00:02,1686,0,0,36,0,0,0,0,0,0,38,31,0,0,0,0,37,30,0,0,0,0
Manassas City,19-Sep-2025 05:00:02,1688,0,0,36,0,0,0,0,0,0,38,31,0,0,0,0,37,30,0,0,0,0
Manassas City,20-Sep-2025 05:00:01,1687,0,0,40,0,225,0,0,0,225,39,31,0,1,0,0,37,30,0,206,19,0
Manassas City,21-Sep-2025 05:00:03,1687,0,0,40,0,225,0,0,0,225,39,31,0,1,0,0,37,30,0,206,19,0
Manassas City,22-Sep-2025 05:00:02,1687,0,0,40,0,225,0,0,0,225,39,31,0,1,0,0,37,30,0,206,19,0
Manassas City,23-Sep-2025 05:00:01,1714,0,0,41,0,349,0,0,0,349,40,31,0,2,0,0,37,30,0,310,39,0
Manassas City,24-Sep-2025 05:00:01,1706,0,0,47,5,472,0,0,5,477,41,30,0,3,0,0,37,29,0,423,54,0
Manassas City,25-Sep-2025 05:00:02,1684,0,0,54,36,578,0,0,36,614,41,30,0,3,0,0,37,29,0,538,75,1
Manassas City,26-Sep-2025 05:00:02,1631,0,0,59,93,660,0,0,93,753,42,30,0,5,0,0,36,29,0,650,102,1
Manassas City,29-Sep-2025 17:00:02,1578,0,0,63,157,777,0,0,157,934,45,30,0,8,0,0,35,29,0,790,139,5
Manassas City,29-Sep-2025 17:35:10,1493,0,0,63,242,777,0,0,242,1019,45,30,0,8,0,0,35,29,0,843,169,7
Manassas City,30-Sep-2025 05:00:02,1483,0,0,66,244,865,0,0,244,1109,46,30,0,8,0,0,36,29,0,915,186,8
Manassas City,01-Oct-2025 05:00:02,1443,0,0,68,287,957,0,0,287,1244,48,30,0,10,0,0,36,29,0,1031,205,8
Manassas City,02-Oct-2025 05:00:01,1315,0,0,70,401,1052,0,0,401,1453,48,31,0,11,2,0,35,28,0,1177,263,13
Manassas City,03-Oct-2025 05:00:02,1282,0,0,70,439,1174,0,0,439,1613,48,31,0,12,2,0,34,28,0,1303,295,15
Manassas City,04-Oct-2025 05:00:02,1235,0,0,71,54,1285,438,0,492,1777,48,31,0,12,2,0,34,28,0,1429,333,15
Manassas City,05-Oct-2025 05:00:01,1235,0,0,71,54,1285,438,0,492,1777,48,31,0,12,2,0,34,28,0,1429,333,15
Manassas City,06-Oct-2025 05:00:01,1235,0,0,71,54,1285,438,0,492,1777,48,31,0,12,2,0,34,28,0,1429,333,15
Manassas City,07-Oct-2025 05:00:01,1161,0,0,73,147,1394,438,0,585,1979,48,31,0,12,4,0,34,26,0,1563,400,16
Manassas City,08-Oct-2025 05:00:02,1151,0,0,78,160,1463,438,0,598,2061,48,32,0,12,5,0,34,25,0,1639,406,16
Manassas City,09-Oct-2025 05:00:02,1113,0,0,79,202,1524,438,0,640,2164,49,32,0,13,6,0,34,24,0,1722,426,16
Manassas City,10-Oct-2025 05:00:02,1078,0,0,80,238,1605,438,0,676,2281,49,32,0,14,6,0,33,24,0,1803,459,19
Manassas City,11-Oct-2025 05:00:01,1049,0,0,86,268,1723,438,0,706,2429,50,34,0,15,6,0,33,25,0,1918,489,22
Manassas City,12-Oct-2025 05:00:02,1049,0,0,86,268,1723,438,0,706,2429,50,34,0,15,6,0,33,25,0,1918,489,22
Manassas City,13-Oct-2025 05:00:01,1049,0,0,86,268,1723,438,0,706,2429,50,34,0,15,6,0,33,25,0,1918,489,22
Manassas City,14-Oct-2025 05:00:01,1049,0,0,87,268,1723,438,0,706,2429,50,34,0,15,6,0,33,25,0,1918,489,22
Manassas City,15-Oct-2025 05:00:02,1007,0,0,89,326,1834,438,0,764,2598,51,34,0,18,6,0,31,25,0,2037,532,29
Manassas City,16-Oct-2025 05:00:01,1001,0,0,89,342,1916,438,0,780,2696,53,34,0,19,6,0,32,25,0,2116,551,29
Manassas City,17-Oct-2025 05:00:02,974,0,0,91,371,1987,438,0,809,2796,53,34,0,19,6,0,32,25,0,2189,575,32
Manassas City,18-Oct-2025 05:00:02,911,0,0,93,60,2078,809,0,869,2947,53,34,0,19,6,0,32,25,0,2301,614,32
Manassas City,19-Oct-2025 05:00:02,919,0,0,93,60,2078,809,0,869,2947,53,34,0,19,6,0,32,25,0,2301,614,32
Manassas City,20-Oct-2025 05:00:01,888,0,0,96,90,2159,809,0,899,3058,54,34,0,20,6,0,32,25,0,2381,639,38
Manassas City,21-Oct-2025 05:00:02,856,0,0,101,122,2276,809,0,931,3207,56,34,0,22,6,0,32,25,0,2486,678,43
Manassas City,22-Oct-2025 05:00:01,852,0,0,106,132,2368,809,0,941,3309,56,35,0,22,6,0,32,26,0,2569,695,45
Manassas City,23-Oct-2025 05:00:03,841,0,0,107,151,2482,809,0,960,3442,57,35,0,23,6,0,32,26,0,2666,730,46
Manassas City,24-Oct-2025 05:00:02,834,0,0,109,163,2597,809,0,972,3569,57,36,0,23,7,0,31,25,0,2768,753,48
Manassas City,25-Oct-2025 05:00:01,833,0,0,111,175,2747,809,0,984,3731,58,36,0,24,7,0,31,25,0,2882,799,50
Manassas City,26-Oct-2025 05:00:01,820,0,0,116,188,2956,809,0,997,3953,58,36,0,24,7,0,31,25,0,3023,874,56
Manassas City,27-Oct-2025 05:00:01,820,0,0,117,188,2956,809,0,997,3953,58,36,0,24,7,0,31,25,0,3023,874,56
Manassas City,28-Oct-2025 05:00:02,763,0,0,121,239,3098,809,0,1048,4146,60,37,0,27,11,0,30,22,0,3146,938,62
Manassas City,29-Oct-2025 05:00:02,757,0,1,121,245,3255,808,0,1053,4309,60,37,0,27,12,0,30,21,0,3268,974,67
Manassas City,30-Oct-2025 05:00:02,719,0,2,121,40,3255,1052,0,1092,4349,60,37,0,27,12,0,30,21,0,3284,994,71
Manassas City,31-Oct-2025 05:00:02,673,0,3,126,83,3635,1052,0,1135,4773,63,38,0,30,15,0,30,19,0,3546,1138,89
Manassas City,01-Nov-2025 05:00:02,646,0,4,133,102,3953,1052,0,1154,5111,66,38,0,35,15,0,28,19,0,3745,1267,99
Manassas City,02-Nov-2025 05:00:01,602,0,8,150,138,4446,1052,0,1190,5644,70,39,0,41,16,0,26,18,0,4049,1471,124
Manassas City,03-Nov-2025 05:00:02,593,0,8,150,147,4446,1052,0,1199,5653,70,39,0,41,16,0,26,18,0,4052,1477,124
Manassas City,04-Nov-2025 05:00:01,545,0,8,150,194,4446,1052,0,1246,5700,70,39,0,43,16,0,24,18,0,4074,1501,125
Manassas City,05-Nov-2025 05:00:02,491,0,8,150,1,4446,1299,0,1300,5754,70,39,0,43,16,0,24,18,0,4099,1526,129
Manassas City,06-Nov-2025 05:00:02,458,0,32,150,35,4446,1299,0,1334,5812,70,39,0,43,17,0,24,17,0,4114,1552,146
Manassas City,07-Nov-2025 05:00:02,439,0,79,150,54,4446,1299,0,1353,5878,70,39,0,43,17,0,24,17,0,4121,1581,176
Manassas City,08-Nov-2025 05:00:01,437,0,93,151,0,4446,1353,0,1353,5892,70,39,0,43,17,0,24,17,0,4121,1585,186
Manassas City,09-Nov-2025 05:00:02,437,0,93,151,0,4446,1353,0,1353,5892,70,39,0,43,17,0,24,17,0,4121,1585,186
Manassas City,10-Nov-2025 05:00:02,437,0,93,151,0,4446,1353,0,1353,5892,70,39,0,43,17,0,24,17,0,4121,1585,186
Manassas Park City,17-Sep-2025 22:01:55,521,94,0,8,0,0,0,0,0,0,10,16,0,0,0,0,10,16,0,0,0,0
Manassas Park City,18-Sep-2025 05:00:02,521,94,0,8,0,0,0,0,0,0,10,16,0,0,0,0,10,16,0,0,0,0
Manassas Park City,19-Sep-2025 05:00:02,521,94,0,8,0,0,0,0,0,0,10,16,0,0,0,0,10,16,0,0,0,0
Manassas Park City,20-Sep-2025 05:00:01,521,95,0,8,0,82,0,0,0,82,11,17,0,1,1,0,10,16,0,68,13,1
Manassas Park City,21-Sep-2025 05:00:03,520,95,0,9,0,82,0,0,0,82,11,17,0,1,1,0,10,16,0,68,13,1
Manassas Park City,22-Sep-2025 05:00:02,520,95,0,9,0,82,0,0,0,82,11,17,0,1,1,0,10,16,0,68,13,1
Manassas Park City,23-Sep-2025 05:00:01,523,95,0,11,0,121,0,0,0,121,12,17,0,2,1,0,10,16,0,101,17,3
Manassas Park City,24-Sep-2025 05:00:01,524,95,0,11,2,147,0,0,2,149,13,17,0,2,1,0,11,16,0,121,25,3
Manassas Park City,25-Sep-2025 05:00:02,497,93,0,11,8,167,0,0,8,175,13,17,0,2,1,0,10,16,0,141,31,3
Manassas Park City,26-Sep-2025 05:00:02,567,0,0,11,33,192,0,0,33,225,13,19,0,2,3,0,10,16,0,180,40,5
Manassas Park City,29-Sep-2025 17:00:02,497,0,0,13,102,243,0,0,102,345,14,19,0,3,3,0,10,16,0,258,81,6
Manassas Park City,29-Sep-2025 17:35:10,497,0,0,13,102,243,0,0,102,345,14,19,0,3,3,0,10,16,0,258,81,6
Manassas Park City,30-Sep-2025 05:00:02,497,0,0,13,102,243,0,0,102,345,14,20,0,3,3,0,10,17,0,258,81,6
Manassas Park City,01-Oct-2025 05:00:02,493,0,0,14,106,258,0,0,106,364,14,20,0,3,3,0,10,17,0,271,86,7
Manassas Park City,02-Oct-2025 05:00:01,468,0,0,14,131,279,0,0,131,410,14,20,0,3,3,0,10,17,0,303,98,9
Manassas Park City,03-Oct-2025 05:00:02,454,0,0,14,147,301,0,0,147,448,14,20,0,3,3,0,10,17,0,331,108,9
Manassas Park City,04-Oct-2025 05:00:02,448,0,0,16,154,321,0,0,154,475,14,20,0,3,3,0,10,17,0,345,119,11
Manassas Park City,05-Oct-2025 05:00:01,448,0,0,16,154,321,0,0,154,475,14,20,0,3,3,0,10,17,0,345,119,11
Manassas Park City,06-Oct-2025 05:00:01,448,0,0,16,154,321,0,0,154,475,14,20,0,3,3,0,10,17,0,345,119,11
Manassas Park City,07-Oct-2025 05:00:01,410,0,0,16,195,343,0,0,195,538,14,20,0,3,3,0,10,17,0,388,138,12
Manassas Park City,08-Oct-2025 05:00:02,414,0,0,17,195,361,0,0,195,556,14,20,0,3,3,0,10,17,0,402,141,13
Manassas Park City,09-Oct-2025 05:00:02,397,0,0,18,212,380,0,0,212,592,14,20,0,3,3,0,10,17,0,426,152,14
Manassas Park City,10-Oct-2025 05:00:02,384,0,0,18,227,399,0,0,227,626,14,20,0,4,3,0,9,17,0,444,168,14
Manassas Park City,11-Oct-2025 05:00:01,383,0,0,18,232,423,0,0,232,655,14,20,0,4,3,0,9,17,0,463,178,14
Manassas Park City,12-Oct-2025 05:00:02,383,0,0,18,232,423,0,0,232,655,14,20,0,4,3,0,9,17,0,463,178,14
Manassas Park City,13-Oct-2025 05:00:01,383,0,0,18,232,423,0,0,232,655,14,20,0,4,3,0,9,17,0,463,178,14
Manassas Park City,14-Oct-2025 05:00:01,383,0,0,18,232,423,0,0,232,655,14,20,0,4,3,0,9,17,0,463,178,14
Manassas Park City,15-Oct-2025 05:00:02,371,0,0,19,247,449,0,0,247,696,14,20,0,4,3,0,9,17,0,489,190,17
Manassas Park City,16-Oct-2025 05:00:01,368,0,0,20,251,465,0,0,251,716,15,20,0,5,3,0,9,17,0,504,194,18
Manassas Park City,17-Oct-2025 05:00:02,357,0,0,21,264,479,0,0,264,743,15,20,0,5,3,0,9,17,0,523,201,19
Manassas Park City,18-Oct-2025 05:00:02,342,0,0,22,280,522,0,0,280,802,16,20,0,6,3,0,9,17,0,558,221,23
Manassas Park City,19-Oct-2025 05:00:02,342,0,0,22,280,522,0,0,280,802,16,20,0,6,3,0,9,17,0,558,221,23
Manassas Park City,20-Oct-2025 05:00:01,342,0,0,22,280,522,0,0,280,802,16,20,0,6,3,0,9,17,0,558,221,23
Manassas Park City,21-Oct-2025 05:00:02,328,0,0,22,295,553,0,0,295,848,17,20,0,7,4,0,9,16,0,584,237,27
Manassas Park City,22-Oct-2025 05:00:01,324,0,0,24,301,593,0,0,301,894,18,20,0,8,4,0,9,16,0,615,251,28
Manassas Park City,23-Oct-2025 05:00:03,312,0,0,25,317,619,0,0,317,936,18,20,0,8,4,0,9,16,0,647,259,30
Manassas Park City,24-Oct-2025 05:00:02,303,0,0,28,329,650,0,0,329,979,18,20,0,9,4,0,8,16,0,671,276,32
Manassas Park City,25-Oct-2025 05:00:01,294,0,0,31,339,711,0,0,339,1050,18,20,0,9,4,0,8,16,0,720,296,34
Manassas Park City,26-Oct-2025 05:00:01,290,0,0,33,342,819,0,0,342,1161,19,20,0,10,4,0,8,16,0,780,342,39
Manassas Park City,27-Oct-2025 05:00:01,290,0,0,33,342,819,0,0,342,1161,19,20,0,10,4,0,8,16,0,780,342,39
Manassas Park City,28-Oct-2025 05:00:02,268,0,0,34,361,869,0,0,361,1230,20,21,0,11,5,0,8,16,0,816,374,40
Manassas Park City,29-Oct-2025 05:00:02,267,0,0,35,5,930,356,0,361,1291,20,21,0,11,5,0,8,16,0,850,398,43
Manassas Park City,30-Oct-2025 05:00:02,252,0,0,36,18,981,356,0,374,1355,22,21,0,13,5,0,8,16,0,881,427,47
Manassas Park City,31-Oct-2025 05:00:02,235,0,0,37,34,1063,356,0,390,1453,22,21,0,13,5,0,8,16,0,931,472,50
Manassas Park City,01-Nov-2025 05:00:02,222,0,3,39,46,1208,356,0,402,1613,23,21,0,14,5,0,8,16,0,1014,542,57
Manassas Park City,02-Nov-2025 05:00:01,205,0,5,41,60,1455,356,0,416,1876,26,21,0,17,5,0,8,16,0,1128,673,75
Manassas Park City,03-Nov-2025 05:00:02,205,0,5,41,60,1455,356,0,416,1876,26,21,0,17,5,0,8,16,0,1128,673,75
Manassas Park City,04-Nov-2025 05:00:01,200,0,5,41,67,1455,356,0,423,1883,26,21,0,17,5,0,8,16,0,1130,678,75
Manassas Park City,05-Nov-2025 05:00:02,200,0,5,41,67,1455,356,0,423,1883,26,21,0,17,5,0,8,16,0,1130,678,75
Manassas Park City,06-Nov-2025 05:00:02,174,0,5,41,90,1455,356,0,446,1906,26,21,0,17,5,0,8,16,0,1136,693,77
Manassas Park City,07-Nov-2025 05:00:02,167,0,5,41,97,1455,356,0,453,1913,26,21,0,17,5,0,8,16,0,1137,698,78
Manassas Park City,08-Nov-2025 05:00:01,165,0,5,41,98,1455,356,0,454,1914,26,21,0,17,5,0,8,16,0,1137,698,79
Manassas Park City,09-Nov-2025 05:00:02,165,0,5,41,98,1455,356,0,454,1914,26,21,0,17,5,0,8,16,0,1137,698,79
Manassas Park City,10-Nov-2025 05:00:02,165,0,5,41,98,1455,356,0,454,1914,26,21,0,17,5,0,8,16,0,1137,698,79
Prince William County,17-Sep-2025 22:01:55,26505,0,0,242,0,0,0,0,0,0,676,795,0,0,0,0,661,792,0,0,0,0
Prince William County,18-Sep-2025 05:00:02,26541,0,0,253,0,0,0,0,0,0,677,793,0,0,0,0,662,790,0,0,0,0
Prince William County,19-Sep-2025 05:00:02,26584,0,0,259,0,0,0,0,0,0,677,793,0,0,0,0,662,790,0,0,0,0
Prince William County,20-Sep-2025 05:00:01,26676,0,0,276,2,610,0,0,2,612,685,796,0,8,2,0,660,790,0,546,60,6
Prince William County,21-Sep-2025 05:00:03,26675,0,0,277,2,610,0,0,2,612,685,796,0,8,2,0,660,790,0,546,60,6
Prince William County,22-Sep-2025 05:00:02,26675,0,0,277,2,610,0,0,2,612,685,796,0,8,2,0,660,790,0,546,60,6
Prince William County,23-Sep-2025 05:00:01,26766,0,0,311,40,997,0,0,40,1037,690,796,0,14,4,0,659,788,0,913,113,11
Prince William County,24-Sep-2025 05:00:01,26710,0,0,328,45,1440,0,0,45,1485,697,800,0,18,5,0,655,791,0,1301,167,17
Prince William County,25-Sep-2025 05:00:02,24945,0,0,348,2002,1747,0,0,2002,3749,698,805,0,19,6,0,655,793,0,2984,734,31
Prince William County,26-Sep-2025 05:00:02,23230,0,0,360,3647,2028,0,0,3647,5675,706,807,0,32,11,0,649,787,0,4341,1287,47
Prince William County,29-Sep-2025 17:00:02,21367,0,0,390,5246,2397,0,0,5246,7643,715,810,0,56,18,0,619,781,0,5729,1848,66
Prince William County,29-Sep-2025 17:35:10,21397,0,0,393,5246,2674,0,0,5246,7920,716,810,0,57,18,0,619,781,0,5967,1884,69
Prince William County,30-Sep-2025 05:00:02,21398,0,0,397,5246,2674,0,0,5246,7920,713,807,0,57,16,0,616,783,0,5967,1884,69
Prince William County,01-Oct-2025 05:00:02,19996,0,0,417,6678,2909,0,0,6678,9587,720,807,0,75,25,0,601,773,0,7073,2430,84
Prince William County,02-Oct-2025 05:00:01,19976,0,0,426,6763,2909,0,0,6763,9672,720,809,0,76,25,0,600,775,0,7130,2458,84
Prince William County,03-Oct-2025 05:00:02,19467,0,0,450,7305,3527,0,0,7305,10832,723,810,0,82,29,0,597,772,0,7988,2743,101
Prince William County,04-Oct-2025 05:00:02,18859,0,0,468,8052,3886,0,0,8052,11938,732,813,0,101,33,0,584,771,0,8765,3057,116
Prince William County,05-Oct-2025 05:00:01,18859,0,0,468,8052,3886,0,0,8052,11938,732,813,0,101,33,0,584,771,0,8765,3057,116
Prince William County,06-Oct-2025 05:00:01,18859,0,0,468,8052,3886,0,0,8052,11938,732,813,0,101,33,0,584,771,0,8765,3057,116
Prince William County,07-Oct-2025 05:00:01,18513,1,0,490,8690,4145,0,0,8690,12835,733,813,0,108,35,0,548,769,0,9378,3323,134
Prince William County,08-Oct-2025 05:00:02,17489,1,0,512,9772,4482,0,0,9772,14254,742,817,0,122,43,0,537,764,0,10347,3749,158
Prince William County,09-Oct-2025 05:00:02,17486,1,0,520,9834,4482,0,0,9834,14316,741,817,0,125,50,0,533,757,0,10395,3762,159
Prince William County,10-Oct-2025 05:00:02,16982,1,0,551,10468,5062,0,0,10468,15530,745,822,0,133,55,0,530,757,0,11259,4095,176
Prince William County,11-Oct-2025 05:00:01,16619,1,0,577,10942,5470,0,0,10942,16412,757,826,0,147,66,0,526,747,0,11842,4371,199
Prince William County,12-Oct-2025 05:00:02,16619,1,0,577,10942,5470,0,0,10942,16412,757,826,0,147,66,0,526,747,0,11842,4371,199
Prince William County,13-Oct-2025 05:00:01,16813,1,0,582,10942,5470,0,0,10942,16412,757,826,0,147,66,0,526,747,0,11842,4371,199
Prince William County,14-Oct-2025 05:00:01,16869,1,0,602,11003,5766,0,0,11003,16769,764,827,0,160,71,0,519,740,0,12063,4497,209
Prince William County,15-Oct-2025 05:00:02,16960,1,0,619,11022,6080,0,0,11022,17102,771,827,0,165,71,0,521,740,0,12301,4581,220
Prince William County,16-Oct-2025 05:00:01,15687,1,0,638,12351,6385,0,0,12351,18736,781,830,0,185,84,0,507,729,0,13311,5170,255
Prince William County,17-Oct-2025 05:00:02,15771,0,0,651,9208,6636,3194,0,12402,19038,786,830,0,187,87,0,510,726,0,13538,5236,264
Prince William County,18-Oct-2025 05:00:02,15462,0,0,663,9622,7055,3194,0,12816,19871,793,828,0,201,93,0,506,717,0,14067,5512,292
Prince William County,19-Oct-2025 05:00:02,15461,0,0,664,9622,7055,3194,0,12816,19871,793,828,0,201,93,0,506,717,0,14067,5512,292
Prince William County,20-Oct-2025 05:00:01,15530,0,0,724,9622,11395,3194,0,12816,24211,870,842,0,275,108,0,508,714,0,17220,6619,372
Prince William County,21-Oct-2025 05:00:02,14983,0,0,791,10233,15460,3194,0,13427,28887,933,857,0,332,121,0,511,716,0,20910,7545,432
Prince William County,22-Oct-2025 05:00:01,13912,0,0,852,11353,18876,3194,0,14547,33423,988,860,0,389,150,0,507,689,0,24225,8689,509
Prince William County,23-Oct-2025 05:00:03,13731,0,0,909,8504,22646,6342,0,14846,37492,1039,863,0,443,161,0,504,677,0,27251,9629,612
Prince William County,24-Oct-2025 05:00:02,13222,0,0,972,8709,25220,6742,0,15451,40671,1084,870,0,485,172,0,504,669,0,29479,10502,690
Prince William County,25-Oct-2025 05:00:01,12948,0,0,1037,5350,28106,10510,0,15860,43966,1125,876,0,529,183,0,500,665,0,31793,11411,762
Prince William County,26-Oct-2025 05:00:01,12921,0,0,1090,5381,31893,10510,0,15891,47784,1180,881,0,583,189,0,501,663,0,34277,12611,896
Prince William County,27-Oct-2025 05:00:01,12929,0,0,1090,5381,31893,10510,0,15891,47784,1180,881,0,583,189,0,501,663,0,34277,12611,896
Prince William County,28-Oct-2025 05:00:02,12139,0,36,1122,6122,34664,10510,2,16632,51334,1221,886,0,633,212,0,492,643,0,36653,13660,1021
Prince William County,29-Oct-2025 05:00:02,11418,0,62,1162,4581,37320,12685,2,17266,54650,1269,888,0,685,222,0,488,635,0,38769,14733,1148
Prince William County,30-Oct-2025 05:00:02,11267,0,85,1217,407,41128,16978,2,17385,58600,1348,891,0,766,229,0,485,630,0,41356,15952,1292
Prince William County,31-Oct-2025 05:00:02,10643,0,113,1275,879,44063,17067,2,17946,62124,1391,892,0,814,235,0,479,625,0,43568,17134,1422
Prince William County,01-Nov-2025 05:00:02,10097,0,139,1345,683,48625,17785,2,18468,67234,1489,895,0,917,242,0,473,621,0,46688,18946,1600
Prince William County,02-Nov-2025 05:00:01,9991,0,228,1468,696,56103,17785,2,18481,74814,1634,904,0,1062,251,0,467,618,0,50872,22049,1893
Prince William County,03-Nov-2025 05:00:02,9990,0,254,1469,696,56103,17785,2,18481,74840,1636,904,0,1064,251,0,467,617,0,50872,22049,1919
Prince William County,04-Nov-2025 05:00:01,8976,0,255,1469,1703,56104,17786,2,19489,75850,1636,904,0,1075,266,0,456,602,0,51317,22550,1983
Prince William County,05-Nov-2025 05:00:02,8359,0,255,1492,2309,56105,17786,2,20095,76457,1636,904,0,1094,273,0,437,594,0,51516,22911,2030
Prince William County,06-Nov-2025 05:00:02,7546,0,255,1492,3096,56105,17786,2,20882,77244,1637,903,0,1100,276,0,432,590,0,51865,23316,2063
Prince William County,07-Nov-2025 05:00:02,6954,0,255,1492,3670,56105,17786,2,21456,77818,1637,903,0,1106,282,0,426,584,0,52057,23665,2096
Prince William County,08-Nov-2025 05:00:01,6629,0,255,1497,3983,56105,17786,5,21769,78134,1637,907,0,1112,293,0,420,573,0,52139,23872,2123
Prince William County,09-Nov-2025 05:00:02,6629,0,255,1497,3983,56105,17786,5,21769,78134,1637,907,0,1112,293,0,420,573,0,52139,23872,2123
Prince William County,10-Nov-2025 05:00:02,6629,0,255,1497,3983,56105,17786,5,21769,78134,1637,907,0,1112,293,0,420,573,0,52139,23872,2123
