SOURCE_LOCALITY,FILEDATE,ISSUED,NOT_ISSUED,PROVISIONAL,DELETED,MARKED,ON_MACHINE,PRE_PROCESSED,FWAB,MAIL_IN,COUNTABLE,MILITARY,OVERSEAS,TEMPORARY,MILITARY_COUNTABLE,OVERSEAS_COUNTABLE,TEMPORARY_COUNTABLE
ALEXANDRIA CITY,string,number,number,number,number,number,number,number,number,number,number,number,number,number,number,number,number
ALEXANDRIA CITY,14-Sep-2023 12:01:00,8052,0,0,268,0,0,0,0,0,0,107,436,1,0,0,0
ALEXANDRIA CITY,15-Sep-2023 06:00:01,8052,0,0,269,0,0,0,0,0,0,108,436,1,0,0,0
ALEXANDRIA CITY,16-Sep-2023 06:00:01,8061,0,0,271,0,0,0,0,0,0,109,437,1,0,0,0
ALEXANDRIA CITY,17-Sep-2023 06:00:02,8061,0,0,271,0,0,0,0,0,0,109,437,1,0,0,0
ALEXANDRIA CITY,18-Sep-2023 06:00:01,8061,0,0,271,0,0,0,0,0,0,109,437,1,0,0,0
ALEXANDRIA CITY,19-Sep-2023 06:00:01,8079,0,0,279,0,0,0,0,0,0,109,439,1,0,0,0
ALEXANDRIA CITY,20-Sep-2023 06:00:01,8095,0,0,282,0,0,0,0,0,0,109,440,1,0,0,0
ALEXANDRIA CITY,21-Sep-2023 06:00:02,8094,0,0,285,0,0,0,0,0,0,109,440,1,0,0,0
ALEXANDRIA CITY,22-Sep-2023 06:00:01,8142,0,0,294,0,0,0,0,0,0,110,445,1,0,0,0
ALEXANDRIA CITY,23-Sep-2023 06:00:01,8168,0,0,308,0,132,0,0,0,132,114,448,1,3,0,0
ALEXANDRIA CITY,24-Sep-2023 06:00:01,8168,0,0,308,0,132,0,0,0,132,114,448,1,3,0,0
ALEXANDRIA CITY,25-Sep-2023 06:00:02,8168,0,0,308,0,132,0,0,0,132,114,448,1,3,0,0
ALEXANDRIA CITY,26-Sep-2023 06:00:01,8217,0,0,313,1,204,0,0,1,205,114,452,1,4,0,0
ALEXANDRIA CITY,27-Sep-2023 06:00:01,8127,0,0,415,2,253,0,0,2,255,114,452,1,4,0,0
ALEXANDRIA CITY,28-Sep-2023 06:00:01,8247,0,0,420,15,306,0,0,15,321,116,462,1,6,2,0
ALEXANDRIA CITY,29-Sep-2023 06:00:02,8064,0,0,421,34,363,0,0,34,397,116,463,1,7,3,0
ALEXANDRIA CITY,30-Sep-2023 06:00:01,7656,0,0,421,375,363,0,0,375,738,116,465,1,7,3,0
ALEXANDRIA CITY,02-Oct-2023 06:00:01,7629,0,0,421,402,363,0,0,402,765,116,465,1,7,3,0
ALEXANDRIA CITY,03-Oct-2023 06:00:02,7644,0,0,442,413,447,27,0,440,887,117,466,1,7,3,0
ALEXANDRIA CITY,04-Oct-2023 06:00:01,6913,0,0,448,1173,518,0,0,1173,1691,117,467,1,9,10,0
ALEXANDRIA CITY,05-Oct-2023 14:00:01,6915,0,0,456,1201,518,0,0,1201,1719,117,467,1,10,12,0
ALEXANDRIA CITY,05-Oct-2023 22:00:01,8127,0,0,415,2,253,0,0,2,255,114,452,1,4,0,0
ALEXANDRIA CITY,06-Oct-2023 06:00:01,6913,0,0,448,1173,518,0,0,1173,1691,117,467,1,9,10,0
ALEXANDRIA CITY,06-Oct-2023 14:00:02,6477,0,0,462,1653,710,0,0,1653,2363,117,468,1,11,13,0
ALEXANDRIA CITY,07-Oct-2023 06:00:01,6060,0,0,469,2049,808,0,0,2049,2857,117,469,1,11,19,0
ALEXANDRIA CITY,08-Oct-2023 06:00:01,6050,0,0,469,2059,808,0,0,2059,2867,117,469,1,11,19,0
ALEXANDRIA CITY,09-Oct-2023 06:00:02,6038,0,0,469,2071,808,0,0,2071,2879,117,469,1,11,19,0
ALEXANDRIA CITY,10-Oct-2023 06:00:02,6032,0,0,471,2075,808,0,0,2075,2883,117,469,1,11,19,0
ALEXANDRIA CITY,11-Oct-2023 06:00:01,6106,0,0,478,2099,905,0,0,2099,3004,118,471,1,12,21,0
ALEXANDRIA CITY,12-Oct-2023 06:00:01,5790,0,0,489,2500,1072,0,0,2500,3572,119,470,1,19,32,0
ALEXANDRIA CITY,13-Oct-2023 06:00:02,5908,1,0,491,2521,1206,0,0,2521,3727,119,471,1,20,36,0
ALEXANDRIA CITY,14-Oct-2023 06:00:02,5708,0,0,503,2825,1372,0,0,2825,4197,123,475,1,25,37,0
ALEXANDRIA CITY,15-Oct-2023 06:00:01,5700,0,0,503,2833,1372,0,0,2833,4205,123,475,1,25,37,0
ALEXANDRIA CITY,16-Oct-2023 06:00:01,5698,0,0,505,2834,1372,0,0,2834,4206,123,475,1,25,37,0
ALEXANDRIA CITY,17-Oct-2023 06:00:01,5599,0,0,539,3121,1500,0,0,3121,4621,123,481,1,28,45,0
ALEXANDRIA CITY,18-Oct-2023 06:00:02,5524,0,0,551,3270,1619,0,0,3270,4889,124,481,1,30,53,0
ALEXANDRIA CITY,19-Oct-2023 06:00:01,5568,0,0,557,3284,1727,0,0,3284,5011,127,484,1,32,55,0
ALEXANDRIA CITY,20-Oct-2023 06:00:01,5608,0,1,561,3301,1844,0,0,3301,5146,127,484,1,32,59,0
ALEXANDRIA CITY,21-Oct-2023 06:00:02,5482,0,1,572,3461,2029,0,0,3461,5491,128,485,1,33,60,0
ALEXANDRIA CITY,22-Oct-2023 06:00:02,5466,0,1,572,3477,2029,0,0,3477,5507,128,485,1,33,60,0
ALEXANDRIA CITY,23-Oct-2023 06:00:01,5463,0,1,572,3480,2029,0,0,3480,5510,128,485,1,33,60,0
ALEXANDRIA CITY,24-Oct-2023 06:00:01,5230,0,1,583,3823,2187,0,0,3823,6011,129,487,1,37,79,0
ALEXANDRIA CITY,25-Oct-2023 06:00:01,5112,0,2,586,4007,2333,0,0,4007,6342,131,486,1,39,82,0
ALEXANDRIA CITY,26-Oct-2023 06:00:02,5159,0,2,591,4021,2495,0,0,4021,6518,133,487,1,39,83,0
ALEXANDRIA CITY,27-Oct-2023 06:00:01,5097,0,2,596,4149,2640,0,0,4149,6791,133,488,1,41,94,0
ALEXANDRIA CITY,28-Oct-2023 06:00:01,4992,0,2,606,4298,3101,0,0,4298,7401,133,492,1,42,100,0
ALEXANDRIA CITY,29-Oct-2023 06:00:01,4988,0,7,614,4298,3929,0,0,4298,8234,137,492,1,46,100,0
ALEXANDRIA CITY,30-Oct-2023 06:00:02,4972,0,11,616,3550,4218,762,0,4312,8541,138,493,1,47,101,0
ALEXANDRIA CITY,31-Oct-2023 06:00:01,4726,0,12,626,2051,4678,2491,0,4542,9232,140,493,1,51,114,0
ALEXANDRIA CITY,01-Nov-2023 06:00:01,4702,0,13,632,1407,5098,3153,0,4560,9671,140,494,1,53,121,0
ALEXANDRIA CITY,02-Nov-2023 06:00:01,4673,0,16,641,565,5609,4013,0,4578,10203,141,496,1,54,122,0
ALEXANDRIA CITY,03-Nov-2023 06:00:01,4205,0,19,661,1015,6171,4013,0,5028,11218,143,497,1,58,130,0
ALEXANDRIA CITY,04-Nov-2023 06:00:01,3878,0,19,676,1322,6949,4013,0,5335,12303,145,499,1,61,137,0
ALEXANDRIA CITY,05-Nov-2023 06:00:01,3798,0,51,712,77,8473,5305,0,5382,13906,147,502,1,63,146,0
ALEXANDRIA CITY,06-Nov-2023 06:00:01,3785,0,56,712,90,8473,5305,0,5395,13924,147,502,1,63,146,0
ALEXANDRIA CITY,07-Nov-2023 06:00:01,3354,0,56,716,525,8480,5305,0,5830,14366,147,502,1,63,153,0
ALEXANDRIA CITY,08-Nov-2023 06:00:01,3059,0,56,716,820,8480,5305,0,6125,14661,147,502,1,66,158,0
ALEXANDRIA CITY,09-Nov-2023 06:00:02,2969,0,56,716,896,8480,5305,0,6201,14737,147,502,1,67,158,0
ALEXANDRIA CITY,10-Nov-2023 06:00:01,2572,0,56,716,1293,8480,5305,0,6598,15134,147,501,1,69,165,0
ALEXANDRIA CITY,11-Nov-2023 06:00:01,2572,0,56,716,1293,8480,5305,0,6598,15134,147,501,1,69,165,0
ALEXANDRIA CITY,12-Nov-2023 06:00:01,2572,0,56,716,1293,8480,5305,0,6598,15134,147,501,1,69,165,0
ALEXANDRIA CITY,13-Nov-2023 06:00:01,2572,0,56,716,1293,8480,5305,0,6598,15134,147,501,1,69,165,0
ARLINGTON COUNTY,string,number,number,number,number,number,number,number,number,number,number,number,number,number,number,number,number
ARLINGTON COUNTY,14-Sep-2023 12:01:00,0,12663,0,176,0,0,0,0,0,0,155,785,0,0,0,0
ARLINGTON COUNTY,15-Sep-2023 06:00:01,0,12673,0,187,0,0,0,0,0,0,155,787,0,0,0,0
ARLINGTON COUNTY,16-Sep-2023 06:00:01,0,12687,0,198,0,0,0,0,0,0,155,791,1,0,0,0
ARLINGTON COUNTY,17-Sep-2023 06:00:02,0,12687,0,198,0,0,0,0,0,0,155,791,1,0,0,0
ARLINGTON COUNTY,18-Sep-2023 06:00:01,0,12686,0,198,0,0,0,0,0,0,155,791,1,0,0,0
ARLINGTON COUNTY,19-Sep-2023 06:00:01,0,12720,0,208,0,0,0,0,0,0,156,801,1,0,0,0
ARLINGTON COUNTY,20-Sep-2023 06:00:01,12740,0,0,222,0,0,0,0,0,0,157,808,2,0,0,0
ARLINGTON COUNTY,21-Sep-2023 06:00:02,12766,0,0,236,0,0,0,0,0,0,157,811,2,0,0,0
ARLINGTON COUNTY,22-Sep-2023 06:00:01,12798,0,0,248,0,0,0,0,0,0,158,815,1,0,0,0
ARLINGTON COUNTY,23-Sep-2023 06:00:01,12840,0,0,263,0,160,0,0,0,160,159,821,1,1,0,0
ARLINGTON COUNTY,24-Sep-2023 06:00:01,12840,0,0,263,0,160,0,0,0,160,159,821,1,1,0,0
ARLINGTON COUNTY,25-Sep-2023 06:00:02,12840,0,0,263,0,160,0,0,0,160,159,821,1,1,0,0
ARLINGTON COUNTY,26-Sep-2023 06:00:01,12918,0,0,276,1,282,0,0,1,283,161,828,1,2,1,0
ARLINGTON COUNTY,27-Sep-2023 06:00:01,12792,0,0,384,3,332,0,0,3,335,161,835,1,5,2,0
ARLINGTON COUNTY,28-Sep-2023 06:00:01,12963,0,0,395,3,407,0,0,3,410,163,836,1,5,2,0
ARLINGTON COUNTY,29-Sep-2023 06:00:02,12998,0,0,404,5,470,0,0,5,475,163,839,1,5,4,0
ARLINGTON COUNTY,30-Sep-2023 06:00:01,13031,0,0,406,7,470,0,0,7,477,164,839,1,5,4,0
ARLINGTON COUNTY,02-Oct-2023 06:00:01,13031,0,0,406,7,470,0,0,7,477,164,839,1,5,4,0
ARLINGTON COUNTY,03-Oct-2023 06:00:02,12983,0,0,428,124,710,0,0,124,834,166,845,1,6,5,0
ARLINGTON COUNTY,04-Oct-2023 06:00:01,12479,0,0,438,640,808,0,0,640,1448,169,847,1,10,17,0
ARLINGTON COUNTY,05-Oct-2023 14:00:01,12087,0,0,441,921,808,0,0,921,1729,169,847,1,10,19,0
ARLINGTON COUNTY,05-Oct-2023 22:00:01,12792,0,0,384,3,332,0,0,3,335,161,835,1,5,2,0
ARLINGTON COUNTY,06-Oct-2023 06:00:01,12479,0,0,438,640,808,0,0,640,1448,169,847,1,10,17,0
ARLINGTON COUNTY,06-Oct-2023 14:00:02,11664,0,0,449,1227,961,0,0,1227,2188,169,851,1,10,24,0
ARLINGTON COUNTY,07-Oct-2023 06:00:01,11393,0,0,470,1477,1072,0,0,1477,2549,168,855,1,11,28,0
ARLINGTON COUNTY,08-Oct-2023 06:00:01,11393,0,0,470,1477,1072,0,0,1477,2549,168,855,1,11,28,0
ARLINGTON COUNTY,09-Oct-2023 06:00:02,11393,0,0,470,1477,1072,0,0,1477,2549,168,855,1,11,28,0
ARLINGTON COUNTY,10-Oct-2023 06:00:02,11250,0,0,494,1746,1135,0,0,1746,2881,171,867,1,15,37,0
ARLINGTON COUNTY,11-Oct-2023 06:00:01,10824,0,0,503,2208,1235,0,0,2208,3443,173,870,1,20,56,0
ARLINGTON COUNTY,12-Oct-2023 06:00:01,10773,0,0,516,2261,1342,0,0,2261,3603,174,872,1,22,56,0
ARLINGTON COUNTY,13-Oct-2023 06:00:02,10393,0,0,529,2716,1438,0,0,2716,4154,177,882,1,27,62,0
ARLINGTON COUNTY,14-Oct-2023 06:00:02,10175,0,0,540,2966,1605,0,0,2966,4571,177,885,1,29,70,0
ARLINGTON COUNTY,15-Oct-2023 06:00:01,10175,0,0,540,2966,1605,0,0,2966,4571,177,885,1,29,70,0
ARLINGTON COUNTY,16-Oct-2023 06:00:01,10175,0,0,540,2966,1605,0,0,2966,4571,177,885,1,29,70,0
ARLINGTON COUNTY,17-Oct-2023 06:00:01,9974,0,0,558,3309,1750,0,0,3309,5059,178,892,1,31,83,0
ARLINGTON COUNTY,18-Oct-2023 06:00:02,9863,0,0,566,3479,1878,0,0,3479,5357,179,896,1,31,87,0
ARLINGTON COUNTY,19-Oct-2023 06:00:01,9699,0,0,609,3701,1997,0,0,3701,5698,179,899,1,32,90,0
ARLINGTON COUNTY,20-Oct-2023 06:00:01,9514,0,0,621,3916,2115,0,0,3916,6031,183,902,1,33,98,0
ARLINGTON COUNTY,21-Oct-2023 06:00:02,9341,0,0,624,4123,2337,0,0,4123,6460,184,904,1,36,102,0
ARLINGTON COUNTY,22-Oct-2023 06:00:02,9341,0,0,624,4123,2337,0,0,4123,6460,184,904,1,36,102,0
ARLINGTON COUNTY,23-Oct-2023 06:00:01,9341,0,0,624,4123,2337,0,0,4123,6460,184,904,1,36,102,0
ARLINGTON COUNTY,24-Oct-2023 06:00:01,9060,0,7,636,4505,2522,0,0,4505,7034,186,906,1,37,118,0
ARLINGTON COUNTY,25-Oct-2023 06:00:01,9020,0,9,656,4639,3001,0,0,4639,7649,189,906,1,43,128,0
ARLINGTON COUNTY,26-Oct-2023 06:00:02,9043,0,9,667,4705,3385,0,0,4705,8099,192,907,1,46,130,0
ARLINGTON COUNTY,27-Oct-2023 06:00:01,8813,0,9,683,4987,3793,0,0,4987,8789,193,914,1,48,141,0
ARLINGTON COUNTY,28-Oct-2023 06:00:01,8566,0,18,693,5300,4080,0,0,5300,9398,193,918,1,48,152,0
ARLINGTON COUNTY,29-Oct-2023 06:00:01,8559,0,18,700,5300,5025,0,0,5300,10343,200,921,1,55,155,0
ARLINGTON COUNTY,30-Oct-2023 06:00:02,8554,0,26,705,5300,5521,0,0,5300,10847,205,922,1,60,156,0
ARLINGTON COUNTY,31-Oct-2023 06:00:01,7965,0,31,716,5077,5790,792,0,5869,11690,209,923,1,69,192,0
ARLINGTON COUNTY,01-Nov-2023 06:00:01,7869,0,33,724,3567,6405,2379,0,5946,12384,210,923,1,70,196,0
ARLINGTON COUNTY,02-Nov-2023 06:00:01,7517,0,40,734,2704,6953,3576,0,6280,13273,213,923,1,73,197,0
ARLINGTON COUNTY,03-Nov-2023 06:00:01,7255,0,42,751,1545,7803,4971,0,6516,14361,215,927,1,76,204,0
ARLINGTON COUNTY,04-Nov-2023 06:00:01,6955,0,47,760,8,8605,6781,0,6789,15441,224,929,1,88,216,0
ARLINGTON COUNTY,05-Nov-2023 06:00:01,6933,0,73,795,8,11230,6781,0,6789,18092,242,933,1,106,220,0
ARLINGTON COUNTY,06-Nov-2023 06:00:01,6916,0,74,815,8,11271,6781,0,6789,18134,242,934,1,106,221,0
ARLINGTON COUNTY,07-Nov-2023 06:00:01,6248,0,87,815,672,11271,6781,0,7453,18811,242,934,1,108,237,0
ARLINGTON COUNTY,08-Nov-2023 06:00:01,5577,0,87,815,1352,11271,6781,0,8133,19491,242,934,1,112,242,0
ARLINGTON COUNTY,09-Nov-2023 06:00:02,4765,0,87,815,2146,11271,6781,0,8927,20285,242,933,1,112,246,0
ARLINGTON COUNTY,10-Nov-2023 06:00:01,4331,0,87,815,2577,11271,6782,0,9359,20717,242,933,1,116,255,0
ARLINGTON COUNTY,11-Nov-2023 06:00:01,4331,0,87,815,2577,11271,6782,0,9359,20717,242,933,1,116,255,0
ARLINGTON COUNTY,12-Nov-2023 06:00:01,4331,0,87,815,2577,11271,6782,0,9359,20717,242,933,1,116,255,0
ARLINGTON COUNTY,13-Nov-2023 06:00:01,4331,0,87,815,2577,11271,6782,0,9359,20717,242,933,1,116,255,0
FAIRFAX CITY,string,number,number,number,number,number,number,number,number,number,number,number,number,number,number,number,number
FAIRFAX CITY,14-Sep-2023 12:01:00,0,1234,0,84,0,0,0,0,0,0,8,45,0,0,0,0
FAIRFAX CITY,15-Sep-2023 06:00:01,0,1228,0,90,0,0,0,0,0,0,8,45,0,0,0,0
FAIRFAX CITY,16-Sep-2023 06:00:01,0,1228,0,90,0,0,0,0,0,0,8,45,0,0,0,0
FAIRFAX CITY,17-Sep-2023 06:00:02,0,1228,0,90,0,0,0,0,0,0,8,45,0,0,0,0
FAIRFAX CITY,18-Sep-2023 06:00:01,0,1228,0,90,0,0,0,0,0,0,8,45,0,0,0,0
FAIRFAX CITY,19-Sep-2023 06:00:01,0,1227,0,90,0,0,0,0,0,0,8,45,0,0,0,0
FAIRFAX CITY,20-Sep-2023 06:00:01,1223,0,0,91,0,0,0,0,0,0,8,45,0,0,0,0
FAIRFAX CITY,21-Sep-2023 06:00:02,1222,0,0,92,0,0,0,0,0,0,8,45,0,0,0,0
FAIRFAX CITY,22-Sep-2023 06:00:01,1264,0,0,103,0,0,0,0,0,0,8,46,0,0,0,0
FAIRFAX CITY,23-Sep-2023 06:00:01,1272,0,0,107,0,44,0,0,0,44,8,47,0,0,0,0
FAIRFAX CITY,24-Sep-2023 06:00:01,1272,0,0,107,0,44,0,0,0,44,8,47,0,0,0,0
FAIRFAX CITY,25-Sep-2023 06:00:02,1272,0,0,107,0,44,0,0,0,44,8,47,0,0,0,0
FAIRFAX CITY,26-Sep-2023 06:00:01,1265,0,0,111,3,74,0,0,3,77,8,47,0,0,0,0
FAIRFAX CITY,27-Sep-2023 06:00:01,1230,0,0,125,10,86,0,0,10,96,7,47,0,0,0,0
FAIRFAX CITY,28-Sep-2023 06:00:01,1255,0,0,125,21,115,0,0,21,136,8,47,0,0,0,0
FAIRFAX CITY,29-Sep-2023 06:00:02,1201,0,0,126,71,138,0,0,71,209,8,47,0,0,0,0
FAIRFAX CITY,30-Sep-2023 06:00:01,1199,0,0,129,77,179,0,0,77,256,10,47,0,2,0,0
FAIRFAX CITY,02-Oct-2023 06:00:01,1199,0,0,129,77,179,0,0,77,256,10,47,0,2,0,0
FAIRFAX CITY,03-Oct-2023 06:00:02,1132,0,0,129,141,207,0,0,141,348,10,47,0,2,0,0
FAIRFAX CITY,04-Oct-2023 06:00:01,1093,0,0,132,175,243,0,0,175,418,10,47,0,2,0,0
FAIRFAX CITY,05-Oct-2023 14:00:01,1064,0,0,133,211,243,0,0,211,454,10,47,0,2,0,0
FAIRFAX CITY,05-Oct-2023 22:00:01,1230,0,0,125,10,86,0,0,10,96,7,47,0,0,0,0
FAIRFAX CITY,06-Oct-2023 06:00:01,1093,0,0,132,175,243,0,0,175,418,10,47,0,2,0,0
FAIRFAX CITY,06-Oct-2023 14:00:02,1038,0,0,133,235,300,0,0,235,535,11,47,0,3,0,0
FAIRFAX CITY,07-Oct-2023 06:00:01,1014,0,0,133,255,325,0,0,255,580,11,48,0,3,1,0
FAIRFAX CITY,08-Oct-2023 06:00:01,1014,0,0,133,255,325,0,0,255,580,11,48,0,3,1,0
FAIRFAX CITY,09-Oct-2023 06:00:02,1014,0,0,133,255,325,0,0,255,580,11,48,0,3,1,0
FAIRFAX CITY,10-Oct-2023 06:00:02,1000,0,0,133,269,356,0,0,269,625,11,48,0,3,1,0
FAIRFAX CITY,11-Oct-2023 06:00:01,998,0,0,137,281,392,0,0,281,673,11,48,0,3,2,0
FAIRFAX CITY,12-Oct-2023 06:00:01,973,0,0,138,301,422,0,0,301,723,11,48,0,3,2,0
FAIRFAX CITY,13-Oct-2023 06:00:02,968,0,0,140,313,452,0,0,313,765,11,48,0,3,2,0
FAIRFAX CITY,14-Oct-2023 06:00:02,925,0,0,140,356,495,0,0,356,851,11,48,0,3,3,0
FAIRFAX CITY,15-Oct-2023 06:00:01,925,0,0,140,356,495,0,0,356,851,11,48,0,3,3,0
FAIRFAX CITY,16-Oct-2023 06:00:01,925,0,0,140,356,495,0,0,356,851,11,48,0,3,3,0
FAIRFAX CITY,17-Oct-2023 06:00:01,918,0,0,142,372,533,0,0,372,905,11,48,0,3,3,0
FAIRFAX CITY,18-Oct-2023 06:00:02,902,0,0,142,395,533,0,0,395,928,11,48,0,3,3,0
FAIRFAX CITY,19-Oct-2023 06:00:01,865,0,0,144,434,627,0,0,434,1061,11,50,0,3,5,0
FAIRFAX CITY,20-Oct-2023 06:00:01,858,0,0,145,443,661,0,0,443,1104,12,50,0,4,5,0
FAIRFAX CITY,21-Oct-2023 06:00:02,830,0,0,148,474,738,0,0,474,1212,12,50,0,4,5,0
FAIRFAX CITY,22-Oct-2023 06:00:02,830,0,0,148,474,738,0,0,474,1212,12,50,0,4,5,0
FAIRFAX CITY,23-Oct-2023 06:00:01,830,0,0,148,474,738,0,0,474,1212,12,50,0,4,5,0
FAIRFAX CITY,24-Oct-2023 06:00:01,824,0,0,150,490,789,0,0,490,1279,12,50,0,4,5,0
FAIRFAX CITY,25-Oct-2023 06:00:01,788,0,0,151,530,840,0,0,530,1370,12,50,0,5,5,0
FAIRFAX CITY,26-Oct-2023 06:00:02,786,0,0,154,536,893,0,0,536,1429,12,50,0,5,5,0
FAIRFAX CITY,27-Oct-2023 06:00:01,777,0,2,155,554,941,0,0,554,1497,12,50,0,5,5,0
FAIRFAX CITY,28-Oct-2023 06:00:01,768,0,2,159,577,1006,0,0,577,1585,12,50,0,5,6,0
FAIRFAX CITY,29-Oct-2023 06:00:01,764,0,6,160,587,1130,0,0,587,1723,12,52,0,5,6,0
FAIRFAX CITY,30-Oct-2023 06:00:02,764,0,6,160,587,1130,0,0,587,1723,12,52,0,5,6,0
FAIRFAX CITY,31-Oct-2023 06:00:01,734,0,6,161,615,1228,0,0,615,1849,12,52,0,5,7,0
FAIRFAX CITY,01-Nov-2023 06:00:01,695,0,6,161,653,1307,0,0,653,1966,12,52,0,5,7,0
FAIRFAX CITY,02-Nov-2023 06:00:01,686,0,6,162,465,1393,198,0,663,2062,12,52,0,5,9,0
FAIRFAX CITY,03-Nov-2023 06:00:01,665,0,7,164,105,1498,577,0,682,2187,12,52,0,5,9,0
FAIRFAX CITY,04-Nov-2023 06:00:01,632,0,9,166,135,1699,579,0,714,2422,12,53,0,5,11,0
FAIRFAX CITY,05-Nov-2023 06:00:01,623,0,12,167,20,1977,703,0,723,2712,14,53,0,7,11,0
FAIRFAX CITY,06-Nov-2023 06:00:01,623,0,12,167,20,1977,703,0,723,2712,14,53,0,7,11,0
FAIRFAX CITY,07-Nov-2023 06:00:01,574,0,12,167,69,1977,703,0,772,2761,14,53,0,7,11,0
FAIRFAX CITY,08-Nov-2023 06:00:01,428,0,12,167,209,1977,703,0,912,2901,14,53,0,7,11,0
FAIRFAX CITY,09-Nov-2023 06:00:02,428,0,12,167,209,1977,703,0,912,2901,14,53,0,7,11,0
FAIRFAX CITY,10-Nov-2023 06:00:01,378,0,12,167,258,1977,703,0,961,2950,14,53,0,7,13,0
FAIRFAX CITY,11-Nov-2023 06:00:01,378,0,12,167,258,1977,703,0,961,2950,14,53,0,7,13,0
FAIRFAX CITY,12-Nov-2023 06:00:01,378,0,12,167,258,1977,703,0,961,2950,14,53,0,7,13,0
FAIRFAX CITY,13-Nov-2023 06:00:01,378,0,12,167,258,1977,703,0,961,2950,14,53,0,7,13,0
FAIRFAX COUNTY,string,number,number,number,number,number,number,number,number,number,number,number,number,number,number,number,number
FAIRFAX COUNTY,14-Sep-2023 12:01:00,2,58464,0,3298,0,0,0,0,0,0,660,1481,4,0,0,0
FAIRFAX COUNTY,15-Sep-2023 06:00:01,2,58521,0,3317,0,0,0,0,0,0,659,1487,4,0,0,0
FAIRFAX COUNTY,16-Sep-2023 06:00:01,58579,2,0,3333,0,0,0,0,0,0,662,1491,4,0,0,0
FAIRFAX COUNTY,17-Sep-2023 06:00:02,58578,2,0,3333,0,0,0,0,0,0,662,1491,4,0,0,0
FAIRFAX COUNTY,18-Sep-2023 06:00:01,58578,2,0,3333,0,0,0,0,0,0,662,1491,4,0,0,0
FAIRFAX COUNTY,19-Sep-2023 06:00:01,58744,2,0,3366,0,0,0,0,0,0,665,1501,4,0,0,0
FAIRFAX COUNTY,20-Sep-2023 06:00:01,58898,2,0,3395,0,0,0,0,0,0,665,1510,4,0,0,0
FAIRFAX COUNTY,21-Sep-2023 06:00:02,59083,2,0,3424,0,0,0,0,0,0,666,1514,4,0,0,0
FAIRFAX COUNTY,22-Sep-2023 06:00:01,59273,2,0,3441,0,0,0,0,0,0,668,1524,4,0,0,0
FAIRFAX COUNTY,23-Sep-2023 06:00:01,59524,2,0,3490,0,735,0,0,0,735,676,1529,4,3,0,0
FAIRFAX COUNTY,24-Sep-2023 06:00:01,59516,2,0,3500,0,1097,0,0,0,1097,685,1529,4,12,0,0
FAIRFAX COUNTY,25-Sep-2023 06:00:02,59516,2,0,3500,0,1097,0,0,0,1097,685,1529,4,12,0,0
FAIRFAX COUNTY,26-Sep-2023 06:00:01,60015,2,0,3573,0,1585,0,0,0,1585,696,1548,4,13,1,0
FAIRFAX COUNTY,27-Sep-2023 06:00:01,59317,2,0,3844,0,1585,0,0,0,1585,682,1554,4,13,1,0
FAIRFAX COUNTY,28-Sep-2023 06:00:01,59455,2,0,3890,0,2423,0,0,0,2423,688,1561,4,19,1,0
FAIRFAX COUNTY,29-Sep-2023 06:00:02,60513,2,0,3912,0,2846,0,0,0,2846,707,1584,4,19,2,0
FAIRFAX COUNTY,30-Sep-2023 06:00:01,60713,2,0,3941,0,3317,7,0,7,3324,712,1588,4,24,4,0
FAIRFAX COUNTY,02-Oct-2023 06:00:01,60713,2,0,3941,0,3317,7,0,7,3324,712,1588,4,24,4,0
FAIRFAX COUNTY,03-Oct-2023 06:00:02,61082,2,0,3987,0,3927,76,0,76,4003,723,1596,4,27,9,0
FAIRFAX COUNTY,04-Oct-2023 06:00:01,59996,2,0,4066,0,4429,1372,0,1372,5801,731,1601,4,31,9,0
FAIRFAX COUNTY,05-Oct-2023 14:00:01,58642,2,0,4111,0,4430,2899,0,2899,7329,736,1605,4,37,14,0
FAIRFAX COUNTY,05-Oct-2023 22:00:01,59317,2,0,3844,0,1585,0,0,0,1585,682,1554,4,13,1,0
FAIRFAX COUNTY,06-Oct-2023 06:00:01,59996,2,0,4066,0,4429,1372,0,1372,5801,731,1601,4,31,9,0
FAIRFAX COUNTY,06-Oct-2023 14:00:02,58750,2,0,4151,0,5265,2899,0,2899,8164,741,1612,4,40,15,0
FAIRFAX COUNTY,07-Oct-2023 06:00:01,56658,2,0,4200,0,5855,5043,0,5043,10898,745,1616,4,52,15,0
FAIRFAX COUNTY,08-Oct-2023 06:00:01,56658,2,0,4200,0,5855,5043,0,5043,10898,745,1616,4,52,15,0
FAIRFAX COUNTY,09-Oct-2023 06:00:02,56658,2,0,4200,0,5855,5043,0,5043,10898,745,1616,4,52,15,0
FAIRFAX COUNTY,10-Oct-2023 06:00:02,55407,2,0,4259,0,6425,6875,0,6875,13300,754,1626,4,64,31,0
FAIRFAX COUNTY,11-Oct-2023 06:00:01,54729,2,0,4309,9,7031,7665,0,7674,14705,758,1643,4,67,36,0
FAIRFAX COUNTY,12-Oct-2023 06:00:01,54025,2,0,4332,11,7031,8606,0,8617,15648,758,1647,4,84,50,0
FAIRFAX COUNTY,13-Oct-2023 06:00:02,53297,1,0,4380,14,8260,9663,0,9677,17937,767,1656,4,94,63,0
FAIRFAX COUNTY,14-Oct-2023 06:00:02,51105,1,0,4426,25,9036,12094,0,12119,21155,779,1663,4,101,63,0
FAIRFAX COUNTY,15-Oct-2023 06:00:01,51105,1,0,4426,25,9036,12094,0,12119,21155,779,1663,4,101,63,0
FAIRFAX COUNTY,16-Oct-2023 06:00:01,51105,1,0,4426,25,9036,12094,0,12119,21155,779,1663,4,101,63,0
FAIRFAX COUNTY,17-Oct-2023 06:00:01,50592,0,0,4504,30,9846,13497,0,13527,23373,790,1688,4,111,84,0
FAIRFAX COUNTY,18-Oct-2023 06:00:02,49422,1,6,4572,48,10640,15254,0,15302,25948,800,1710,4,121,108,0
FAIRFAX COUNTY,19-Oct-2023 06:00:01,49119,1,9,4623,91,11368,15928,0,16019,27396,806,1721,4,127,126,0
FAIRFAX COUNTY,20-Oct-2023 06:00:01,49349,1,11,4657,91,12088,15927,0,16018,28117,812,1724,4,131,127,0
FAIRFAX COUNTY,21-Oct-2023 06:00:02,47052,1,12,4694,91,13061,18414,0,18505,31578,818,1729,4,144,161,0
FAIRFAX COUNTY,22-Oct-2023 06:00:02,47052,1,12,4694,91,13061,18414,0,18505,31578,818,1729,4,144,161,0
FAIRFAX COUNTY,23-Oct-2023 06:00:01,47052,1,12,4694,91,13061,18414,0,18505,31578,818,1729,4,144,161,0
FAIRFAX COUNTY,24-Oct-2023 06:00:01,47061,1,14,4766,145,13982,19219,0,19364,33360,830,1746,4,156,169,0
FAIRFAX COUNTY,25-Oct-2023 06:00:01,45386,1,20,4833,158,14850,21240,0,21398,36268,840,1749,4,174,215,0
FAIRFAX COUNTY,26-Oct-2023 06:00:02,45793,1,22,4879,165,15598,21241,2,21406,37028,846,1756,4,177,219,0
FAIRFAX COUNTY,27-Oct-2023 06:00:01,46203,1,25,4973,166,19127,21239,2,21405,40559,872,1764,4,195,223,0
FAIRFAX COUNTY,28-Oct-2023 06:00:01,43978,2,30,5079,36,23284,23975,2,24011,47327,898,1778,4,225,277,0
FAIRFAX COUNTY,29-Oct-2023 06:00:01,43920,2,38,5153,36,28826,23975,2,24011,52877,938,1788,4,265,287,0
FAIRFAX COUNTY,30-Oct-2023 06:00:02,43894,2,46,5186,36,31256,23975,2,24011,55315,956,1792,4,283,291,0
FAIRFAX COUNTY,31-Oct-2023 06:00:01,43110,2,68,5256,37,35014,24694,2,24731,59815,983,1795,4,321,312,0
FAIRFAX COUNTY,01-Nov-2023 06:00:01,40456,2,80,5312,61,38368,27228,2,27289,65739,1002,1799,4,351,335,0
FAIRFAX COUNTY,02-Nov-2023 06:00:01,38702,2,85,5361,63,41973,28940,2,29003,71063,1032,1804,4,391,383,0
FAIRFAX COUNTY,03-Nov-2023 06:00:01,38631,2,105,5431,109,46541,28940,2,29049,75697,1061,1809,4,420,388,0
FAIRFAX COUNTY,04-Nov-2023 06:00:01,35264,1,129,5533,122,53516,32185,2,32307,85954,1131,1819,4,503,429,0
FAIRFAX COUNTY,05-Nov-2023 06:00:01,33808,1,230,5709,122,64381,33505,2,33627,98240,1226,1839,4,598,463,0
FAIRFAX COUNTY,06-Nov-2023 06:00:01,33808,1,243,5709,122,64381,33505,2,33627,98253,1226,1839,4,598,463,0
FAIRFAX COUNTY,07-Nov-2023 06:00:01,31683,1,243,5709,53,64382,35678,4,35731,100360,1228,1840,4,603,466,0
FAIRFAX COUNTY,08-Nov-2023 06:00:01,29015,1,243,5709,70,64382,38351,6,38421,103052,1230,1841,4,623,511,0
FAIRFAX COUNTY,09-Nov-2023 06:00:02,25051,1,243,5709,93,64382,42216,6,42309,106940,1230,1840,4,654,524,0
FAIRFAX COUNTY,10-Nov-2023 06:00:01,23337,1,243,5709,116,64382,43861,7,43977,108609,1231,1839,4,658,547,0
FAIRFAX COUNTY,11-Nov-2023 06:00:01,19858,1,243,5709,137,64382,47255,7,47392,112024,1231,1839,4,681,554,0
FAIRFAX COUNTY,12-Nov-2023 06:00:01,19297,1,243,5709,24,64382,47747,7,47771,112403,1231,1839,4,698,579,0
FAIRFAX COUNTY,13-Nov-2023 06:00:01,19297,1,243,5709,24,64382,47747,7,47771,112403,1231,1839,4,698,579,0
FALLS CHURCH CITY,string,number,number,number,number,number,number,number,number,number,number,number,number,number,number,number,number
FALLS CHURCH CITY,14-Sep-2023 12:01:00,0,93,0,36,4,0,1,0,5,5,3,15,0,0,1,0
FALLS CHURCH CITY,15-Sep-2023 06:00:01,0,96,0,38,4,0,1,0,5,5,3,16,0,0,1,0
FALLS CHURCH CITY,16-Sep-2023 06:00:01,898,1,0,40,3,0,1,0,4,4,13,96,0,0,1,0
FALLS CHURCH CITY,17-Sep-2023 06:00:02,898,1,0,40,3,0,1,0,4,4,13,96,0,0,1,0
FALLS CHURCH CITY,18-Sep-2023 06:00:01,898,1,0,40,3,0,1,0,4,4,13,96,0,0,1,0
FALLS CHURCH CITY,19-Sep-2023 06:00:01,907,0,0,42,0,0,1,0,1,1,13,98,0,0,0,0
FALLS CHURCH CITY,20-Sep-2023 06:00:01,910,0,0,42,0,0,0,0,0,0,13,98,0,0,0,0
FALLS CHURCH CITY,21-Sep-2023 06:00:02,914,0,0,46,0,0,0,0,0,0,16,99,0,0,0,0
FALLS CHURCH CITY,22-Sep-2023 06:00:01,922,0,0,51,0,0,0,0,0,0,16,99,0,0,0,0
FALLS CHURCH CITY,23-Sep-2023 06:00:01,922,0,0,52,2,19,0,0,2,21,16,99,0,0,0,0
FALLS CHURCH CITY,24-Sep-2023 06:00:01,922,0,0,52,2,19,0,0,2,21,16,99,0,0,0,0
FALLS CHURCH CITY,25-Sep-2023 06:00:02,922,0,0,52,2,19,0,0,2,21,16,99,0,0,0,0
FALLS CHURCH CITY,26-Sep-2023 06:00:01,908,0,0,54,9,20,0,0,9,29,16,100,0,0,0,0
FALLS CHURCH CITY,27-Sep-2023 06:00:01,900,0,0,67,20,38,0,0,20,58,17,100,0,2,0,0
FALLS CHURCH CITY,28-Sep-2023 06:00:01,902,0,0,67,20,51,0,0,20,71,17,99,0,2,0,0
FALLS CHURCH CITY,29-Sep-2023 06:00:02,843,0,0,102,66,85,0,0,66,151,20,99,0,3,0,0
FALLS CHURCH CITY,30-Sep-2023 06:00:01,836,0,0,102,77,85,0,0,77,162,20,100,0,3,0,0
FALLS CHURCH CITY,02-Oct-2023 06:00:01,836,0,0,102,77,85,0,0,77,162,20,100,0,3,0,0
FALLS CHURCH CITY,03-Oct-2023 06:00:02,822,0,0,102,98,85,0,0,98,183,20,100,0,3,0,0
FALLS CHURCH CITY,04-Oct-2023 06:00:01,808,0,0,106,110,85,0,0,110,195,20,100,0,3,0,0
FALLS CHURCH CITY,05-Oct-2023 14:00:01,805,0,0,109,118,163,0,0,118,281,22,101,0,3,1,0
FALLS CHURCH CITY,05-Oct-2023 22:00:01,900,0,0,67,20,38,0,0,20,58,17,100,0,2,0,0
FALLS CHURCH CITY,06-Oct-2023 06:00:01,808,0,0,106,110,85,0,0,110,195,20,100,0,3,0,0
FALLS CHURCH CITY,06-Oct-2023 14:00:02,795,0,0,109,132,180,0,0,132,312,22,101,0,3,1,0
FALLS CHURCH CITY,07-Oct-2023 06:00:01,789,0,0,109,140,180,0,0,140,320,22,101,0,3,1,0
FALLS CHURCH CITY,08-Oct-2023 06:00:01,789,0,0,109,140,180,0,0,140,320,22,101,0,3,1,0
FALLS CHURCH CITY,09-Oct-2023 06:00:02,789,0,0,109,140,180,0,0,140,320,22,101,0,3,1,0
FALLS CHURCH CITY,10-Oct-2023 06:00:02,796,0,0,109,140,180,0,0,140,320,22,101,0,3,1,0
FALLS CHURCH CITY,11-Oct-2023 06:00:01,725,0,0,113,213,250,0,0,213,463,23,101,0,3,2,0
FALLS CHURCH CITY,12-Oct-2023 06:00:01,727,0,0,113,216,259,0,0,216,475,23,103,0,3,2,0
FALLS CHURCH CITY,13-Oct-2023 06:00:02,722,0,0,114,224,275,0,0,224,499,24,103,0,4,2,0
FALLS CHURCH CITY,14-Oct-2023 06:00:02,702,0,0,114,247,326,0,0,247,573,24,102,0,4,2,0
FALLS CHURCH CITY,15-Oct-2023 06:00:01,702,0,0,114,247,326,0,0,247,573,24,102,0,4,2,0
FALLS CHURCH CITY,16-Oct-2023 06:00:01,705,0,0,114,247,326,0,0,247,573,24,102,0,4,2,0
FALLS CHURCH CITY,17-Oct-2023 06:00:01,697,0,0,114,258,326,0,0,258,584,24,102,0,4,4,0
FALLS CHURCH CITY,18-Oct-2023 06:00:02,691,0,0,119,268,362,0,0,268,630,25,102,0,4,5,0
FALLS CHURCH CITY,19-Oct-2023 06:00:01,698,0,0,121,268,419,0,0,268,687,25,102,0,4,5,0
FALLS CHURCH CITY,20-Oct-2023 06:00:01,682,0,0,129,283,434,0,0,283,717,25,103,0,5,7,0
FALLS CHURCH CITY,21-Oct-2023 06:00:02,660,0,0,129,305,434,1,0,306,740,25,103,0,5,7,0
FALLS CHURCH CITY,22-Oct-2023 06:00:02,660,0,0,129,305,434,1,0,306,740,25,103,0,5,7,0
FALLS CHURCH CITY,23-Oct-2023 06:00:01,660,0,0,129,305,434,1,0,306,740,25,103,0,5,7,0
FALLS CHURCH CITY,24-Oct-2023 06:00:01,652,0,0,129,321,501,1,0,322,823,26,104,0,6,8,0
FALLS CHURCH CITY,25-Oct-2023 06:00:01,654,0,0,133,332,569,1,0,333,902,26,106,0,6,9,0
FALLS CHURCH CITY,26-Oct-2023 06:00:02,655,0,0,135,337,569,1,0,338,907,26,107,0,6,9,0
FALLS CHURCH CITY,27-Oct-2023 06:00:01,659,0,0,135,342,625,1,0,343,968,26,107,2,6,9,0
FALLS CHURCH CITY,28-Oct-2023 06:00:01,642,0,0,135,369,651,1,0,370,1021,27,107,2,7,9,0
FALLS CHURCH CITY,29-Oct-2023 06:00:01,641,0,0,135,370,715,1,0,371,1086,29,107,2,9,9,0
FALLS CHURCH CITY,30-Oct-2023 06:00:02,641,0,0,135,370,715,1,0,371,1086,29,107,2,9,9,0
FALLS CHURCH CITY,31-Oct-2023 06:00:01,623,0,0,136,389,830,1,0,390,1220,29,107,2,9,12,0
FALLS CHURCH CITY,01-Nov-2023 06:00:01,594,0,0,136,419,830,1,0,420,1250,29,107,2,9,14,0
FALLS CHURCH CITY,02-Nov-2023 06:00:01,580,0,0,136,435,830,1,0,436,1266,29,109,2,9,14,0
FALLS CHURCH CITY,03-Nov-2023 06:00:01,563,0,0,136,240,832,214,0,454,1286,29,109,2,9,14,0
FALLS CHURCH CITY,04-Nov-2023 06:00:01,516,0,0,142,28,1373,461,0,489,1862,32,113,3,12,20,1
FALLS CHURCH CITY,05-Nov-2023 06:00:01,514,0,0,146,28,1373,461,0,489,1862,32,113,3,12,20,1
FALLS CHURCH CITY,06-Nov-2023 06:00:01,508,0,0,152,28,1635,461,0,489,2124,34,118,3,14,25,1
FALLS CHURCH CITY,07-Nov-2023 06:00:01,468,0,0,152,71,1637,461,0,532,2169,34,118,3,15,25,1
FALLS CHURCH CITY,08-Nov-2023 06:00:01,386,0,0,152,4,1637,610,0,614,2251,34,118,3,18,26,1
FALLS CHURCH CITY,09-Nov-2023 06:00:02,345,0,0,152,43,1637,610,0,653,2290,34,118,3,18,28,1
FALLS CHURCH CITY,10-Nov-2023 06:00:01,341,0,0,152,47,1637,610,0,657,2294,34,118,3,18,28,2
FALLS CHURCH CITY,11-Nov-2023 06:00:01,341,0,0,152,47,1637,610,0,657,2294,34,118,3,18,28,2
FALLS CHURCH CITY,12-Nov-2023 06:00:01,341,0,0,152,47,1637,610,0,657,2294,34,118,3,18,28,2
FALLS CHURCH CITY,13-Nov-2023 06:00:01,341,0,0,152,47,1637,610,0,657,2294,34,118,3,18,28,2
LOUDOUN COUNTY,string,number,number,number,number,number,number,number,number,number,number,number,number,number,number,number,number
LOUDOUN COUNTY,14-Sep-2023 12:01:00,0,3087,0,214,0,0,0,0,0,0,38,58,0,0,0,0
LOUDOUN COUNTY,15-Sep-2023 06:00:01,18108,375,0,218,0,0,0,0,0,0,131,357,0,0,0,0
LOUDOUN COUNTY,16-Sep-2023 06:00:01,18159,375,0,226,0,0,0,0,0,0,131,359,0,0,0,0
LOUDOUN COUNTY,17-Sep-2023 06:00:02,18159,375,0,226,0,0,0,0,0,0,131,359,0,0,0,0
LOUDOUN COUNTY,18-Sep-2023 06:00:01,18159,375,0,226,0,0,0,0,0,0,131,359,0,0,0,0
LOUDOUN COUNTY,19-Sep-2023 06:00:01,18773,0,0,237,0,0,0,0,0,0,133,364,0,0,0,0
LOUDOUN COUNTY,20-Sep-2023 06:00:01,18881,0,0,248,0,0,0,0,0,0,134,365,0,0,0,0
LOUDOUN COUNTY,21-Sep-2023 06:00:02,18878,0,0,254,0,0,0,0,0,0,134,365,0,0,0,0
LOUDOUN COUNTY,22-Sep-2023 06:00:01,19209,0,0,306,0,0,0,0,0,0,135,365,0,0,0,0
LOUDOUN COUNTY,23-Sep-2023 06:00:01,19387,0,0,318,0,676,0,0,0,676,136,368,0,1,1,0
LOUDOUN COUNTY,24-Sep-2023 06:00:01,19387,0,0,318,0,676,0,0,0,676,136,368,0,1,1,0
LOUDOUN COUNTY,25-Sep-2023 06:00:02,19387,0,0,318,0,676,0,0,0,676,136,368,0,1,1,0
LOUDOUN COUNTY,26-Sep-2023 06:00:01,19758,1,0,328,2,1126,0,0,2,1128,136,373,0,1,6,0
LOUDOUN COUNTY,27-Sep-2023 06:00:01,19818,1,0,439,13,1426,0,0,13,1439,138,375,0,2,8,0
LOUDOUN COUNTY,28-Sep-2023 06:00:01,20119,1,0,456,37,1748,0,0,37,1785,141,379,0,3,9,0
LOUDOUN COUNTY,29-Sep-2023 06:00:02,19910,1,0,479,313,2056,0,0,313,2369,144,388,0,3,13,0
LOUDOUN COUNTY,30-Sep-2023 06:00:01,19677,1,0,497,654,2459,0,0,654,3113,148,390,0,5,16,0
LOUDOUN COUNTY,02-Oct-2023 06:00:01,19677,1,0,497,654,2459,0,0,654,3113,148,390,0,5,16,0
LOUDOUN COUNTY,03-Oct-2023 06:00:02,19280,1,0,515,1248,2785,1,0,1249,4034,149,398,0,6,27,0
LOUDOUN COUNTY,04-Oct-2023 06:00:01,18554,0,0,536,2244,3128,2,0,2246,5374,152,401,0,9,31,0
LOUDOUN COUNTY,05-Oct-2023 14:00:01,17707,0,0,541,3158,3128,1,0,3159,6287,152,406,0,11,31,0
LOUDOUN COUNTY,05-Oct-2023 22:00:01,19818,1,0,439,13,1426,0,0,13,1439,138,375,0,2,8,0
LOUDOUN COUNTY,06-Oct-2023 06:00:01,18554,0,0,536,2244,3128,2,0,2246,5374,152,401,0,9,31,0
LOUDOUN COUNTY,06-Oct-2023 14:00:02,16918,0,0,559,4008,3432,1,0,4009,7441,156,411,0,17,39,0
LOUDOUN COUNTY,07-Oct-2023 06:00:01,16517,0,0,590,4458,3948,0,0,4458,8406,159,417,0,22,43,0
LOUDOUN COUNTY,08-Oct-2023 06:00:01,16517,0,0,590,4458,3948,0,0,4458,8406,159,417,0,22,43,0
LOUDOUN COUNTY,09-Oct-2023 06:00:02,16517,0,0,590,4458,3948,0,0,4458,8406,159,417,0,22,43,0
LOUDOUN COUNTY,10-Oct-2023 06:00:02,16516,0,0,591,4458,3948,0,0,4458,8406,159,417,0,22,43,0
LOUDOUN COUNTY,11-Oct-2023 06:00:01,15834,0,0,617,5471,4397,0,0,5471,9868,164,423,0,27,48,0
LOUDOUN COUNTY,12-Oct-2023 06:00:01,15729,0,0,631,5533,4736,0,0,5533,10269,166,425,0,28,50,0
LOUDOUN COUNTY,13-Oct-2023 06:00:02,14977,0,0,660,6425,5115,0,0,6425,11540,173,427,0,34,50,0
LOUDOUN COUNTY,14-Oct-2023 06:00:02,14730,0,0,686,6824,5738,0,0,6824,12562,176,434,0,36,55,0
LOUDOUN COUNTY,15-Oct-2023 06:00:01,14730,0,0,686,6824,5738,0,0,6824,12562,176,434,0,36,55,0
LOUDOUN COUNTY,16-Oct-2023 06:00:01,14742,0,0,688,6824,5738,0,0,6824,12562,176,439,0,36,55,0
LOUDOUN COUNTY,17-Oct-2023 06:00:01,14310,0,0,708,7517,6236,0,0,7517,13753,178,444,0,38,58,0
LOUDOUN COUNTY,18-Oct-2023 06:00:02,14253,0,5,728,7771,6631,0,0,7771,14407,180,448,0,40,60,0
LOUDOUN COUNTY,19-Oct-2023 06:00:01,13870,1,7,747,8300,7069,0,0,8300,15376,185,450,0,45,61,0
LOUDOUN COUNTY,20-Oct-2023 06:00:01,13568,1,9,774,8691,7430,0,0,8691,16130,188,452,0,47,63,0
LOUDOUN COUNTY,21-Oct-2023 06:00:02,13393,1,12,794,8950,8096,0,0,8950,17058,192,455,0,50,73,0
LOUDOUN COUNTY,22-Oct-2023 06:00:02,13444,1,12,794,8950,8096,0,0,8950,17058,193,456,0,50,73,0
LOUDOUN COUNTY,23-Oct-2023 06:00:01,13477,1,12,796,8950,8096,0,0,8950,17058,193,456,0,50,73,0
LOUDOUN COUNTY,24-Oct-2023 06:00:01,13057,1,14,819,9458,9274,0,0,9458,18746,203,462,0,64,87,0
LOUDOUN COUNTY,25-Oct-2023 06:00:01,12947,1,19,843,8765,10522,1001,0,9766,20307,210,467,0,70,93,0
LOUDOUN COUNTY,26-Oct-2023 06:00:02,12590,1,25,862,7926,11490,2298,0,10224,21739,215,468,0,74,94,0
LOUDOUN COUNTY,27-Oct-2023 06:00:01,12314,1,30,880,6854,12584,3787,0,10641,23255,218,473,0,77,100,0
LOUDOUN COUNTY,28-Oct-2023 06:00:01,12149,1,38,918,6124,14186,4858,0,10982,25206,231,478,0,91,106,0
LOUDOUN COUNTY,29-Oct-2023 06:00:01,11769,1,50,947,6480,16655,4858,0,11338,28043,245,480,0,106,110,0
LOUDOUN COUNTY,30-Oct-2023 06:00:02,11769,1,50,947,6480,16655,4858,0,11338,28043,245,480,0,106,110,0
LOUDOUN COUNTY,31-Oct-2023 06:00:01,11316,1,61,966,6919,17891,4858,0,11777,29729,252,485,0,114,119,0
LOUDOUN COUNTY,01-Nov-2023 06:00:01,11029,1,75,981,5899,19302,6153,0,12052,31429,259,486,0,124,134,0
LOUDOUN COUNTY,02-Nov-2023 06:00:01,10418,1,76,999,4988,20471,7655,0,12643,33190,262,491,0,128,142,0
LOUDOUN COUNTY,03-Nov-2023 06:00:01,9987,1,86,1034,4172,22403,8867,0,13039,35528,273,494,0,139,152,0
LOUDOUN COUNTY,04-Nov-2023 06:00:01,9488,1,110,1071,2839,24953,10673,1,13512,38576,295,500,0,164,165,0
LOUDOUN COUNTY,05-Nov-2023 06:00:01,8961,1,149,1158,2174,29938,11783,1,13957,44045,319,522,0,191,192,0
LOUDOUN COUNTY,06-Nov-2023 06:00:01,8961,1,149,1158,2174,29938,11783,1,13957,44045,319,522,0,191,192,0
LOUDOUN COUNTY,07-Nov-2023 06:00:01,8019,1,151,1160,2573,29942,12334,1,14907,45001,319,522,0,193,201,0
LOUDOUN COUNTY,08-Nov-2023 06:00:01,6936,1,151,1160,2142,29942,13842,1,15984,46078,319,522,0,197,206,0
LOUDOUN COUNTY,09-Nov-2023 06:00:02,6185,1,151,1160,2879,29942,13842,2,16721,46816,320,521,0,203,210,0
LOUDOUN COUNTY,10-Nov-2023 06:00:01,5742,1,151,1160,2223,29942,14934,2,17157,47252,320,521,0,206,217,0
LOUDOUN COUNTY,11-Nov-2023 06:00:01,5742,1,151,1160,2223,29942,14934,2,17157,47252,320,521,0,206,217,0
LOUDOUN COUNTY,12-Nov-2023 06:00:01,5742,1,151,1160,2224,29942,14934,2,17158,47253,320,521,0,206,218,0
LOUDOUN COUNTY,13-Nov-2023 06:00:01,5742,1,151,1160,2224,29942,14934,2,17158,47253,320,521,0,206,218,0
MANASSAS CITY,string,number,number,number,number,number,number,number,number,number,number,number,number,number,number,number,number
MANASSAS CITY,14-Sep-2023 12:01:00,0,1344,0,71,0,0,0,0,0,0,12,11,0,0,0,0
MANASSAS CITY,15-Sep-2023 06:00:01,0,1349,0,72,0,0,0,0,0,0,12,11,0,0,0,0
MANASSAS CITY,16-Sep-2023 06:00:01,0,1353,0,72,0,0,0,0,0,0,12,12,0,0,0,0
MANASSAS CITY,17-Sep-2023 06:00:02,0,1353,0,72,0,0,0,0,0,0,12,12,0,0,0,0
MANASSAS CITY,18-Sep-2023 06:00:01,0,1353,0,72,0,0,0,0,0,0,12,12,0,0,0,0
MANASSAS CITY,19-Sep-2023 06:00:01,0,1365,0,74,0,0,0,0,0,0,12,12,0,0,0,0
MANASSAS CITY,20-Sep-2023 06:00:01,0,1370,0,77,0,0,0,0,0,0,12,12,0,0,0,0
MANASSAS CITY,21-Sep-2023 06:00:02,1360,16,0,79,0,0,0,0,0,0,12,13,0,0,0,0
MANASSAS CITY,22-Sep-2023 06:00:01,1360,16,0,79,0,0,0,0,0,0,12,13,0,0,0,0
MANASSAS CITY,23-Sep-2023 06:00:01,1382,0,0,79,0,0,0,0,0,0,12,12,0,0,0,0
MANASSAS CITY,24-Sep-2023 06:00:01,1380,0,0,81,0,124,0,0,0,124,12,12,0,0,0,0
MANASSAS CITY,25-Sep-2023 06:00:02,1421,0,0,81,0,124,0,0,0,124,12,12,0,0,0,0
MANASSAS CITY,26-Sep-2023 06:00:01,1442,1,0,90,0,177,0,0,0,177,14,13,0,2,1,0
MANASSAS CITY,27-Sep-2023 06:00:01,1430,1,0,98,6,242,0,0,6,248,14,13,0,2,1,0
MANASSAS CITY,28-Sep-2023 06:00:01,1438,1,0,102,19,292,0,0,19,311,16,13,0,4,1,0
MANASSAS CITY,29-Sep-2023 06:00:02,1386,1,0,106,79,345,0,0,79,424,16,13,0,4,1,0
MANASSAS CITY,30-Sep-2023 06:00:01,1342,1,0,113,135,398,0,0,135,533,16,14,0,6,1,0
MANASSAS CITY,02-Oct-2023 06:00:01,1341,1,0,113,139,398,0,0,139,537,16,14,0,6,1,0
MANASSAS CITY,03-Oct-2023 06:00:02,1265,1,0,123,229,463,0,0,229,692,16,18,0,8,1,0
MANASSAS CITY,04-Oct-2023 06:00:01,1220,1,0,123,282,514,0,0,282,796,16,19,0,8,1,0
MANASSAS CITY,05-Oct-2023 14:00:01,1163,0,0,123,352,550,0,0,352,902,16,19,0,8,1,0
MANASSAS CITY,05-Oct-2023 22:00:01,1430,1,0,98,6,242,0,0,6,248,14,13,0,2,1,0
MANASSAS CITY,06-Oct-2023 06:00:01,1220,1,0,123,282,514,0,0,282,796,16,19,0,8,1,0
MANASSAS CITY,06-Oct-2023 14:00:02,1112,0,0,129,405,612,0,0,405,1017,16,19,0,8,1,0
MANASSAS CITY,07-Oct-2023 06:00:01,1097,0,0,131,429,612,0,0,429,1041,16,19,0,8,1,0
MANASSAS CITY,08-Oct-2023 06:00:01,1097,0,0,131,429,612,0,0,429,1041,16,19,0,8,1,0
MANASSAS CITY,09-Oct-2023 06:00:02,1095,0,0,133,433,648,0,0,433,1081,16,19,0,8,1,0
MANASSAS CITY,10-Oct-2023 06:00:02,1106,0,0,134,434,648,0,0,434,1082,16,19,0,8,1,0
MANASSAS CITY,11-Oct-2023 06:00:01,1045,0,0,134,516,722,0,0,516,1238,16,19,0,8,1,0
MANASSAS CITY,12-Oct-2023 06:00:01,1050,0,0,136,516,791,0,0,516,1307,16,19,0,8,1,0
MANASSAS CITY,13-Oct-2023 06:00:02,988,0,0,136,585,845,0,0,585,1430,16,19,0,9,1,0
MANASSAS CITY,14-Oct-2023 06:00:02,965,0,0,137,611,911,0,0,611,1522,17,19,0,10,1,0
MANASSAS CITY,15-Oct-2023 06:00:01,967,0,0,137,611,911,0,0,611,1522,17,19,0,10,1,0
MANASSAS CITY,16-Oct-2023 06:00:01,967,0,0,137,611,911,0,0,611,1522,17,19,0,10,1,0
MANASSAS CITY,17-Oct-2023 06:00:01,936,0,0,139,658,960,0,0,658,1618,17,19,0,10,1,0
MANASSAS CITY,18-Oct-2023 06:00:02,920,0,0,141,677,1023,0,0,677,1700,17,19,0,10,1,0
MANASSAS CITY,19-Oct-2023 06:00:01,887,0,0,143,205,1080,511,0,716,1796,17,19,0,10,1,0
MANASSAS CITY,20-Oct-2023 06:00:01,874,0,0,144,123,1143,612,0,735,1878,17,19,0,10,1,0
MANASSAS CITY,21-Oct-2023 06:00:02,848,0,0,151,151,1220,612,0,763,1983,17,19,0,10,2,0
MANASSAS CITY,22-Oct-2023 06:00:02,848,0,0,151,151,1220,612,0,763,1983,17,19,0,10,2,0
MANASSAS CITY,23-Oct-2023 06:00:01,833,0,0,153,171,1290,612,0,783,2073,17,19,0,10,2,0
MANASSAS CITY,24-Oct-2023 06:00:01,786,0,0,153,231,1354,612,0,843,2197,17,19,0,10,2,0
MANASSAS CITY,25-Oct-2023 06:00:01,795,0,0,156,231,1411,612,0,843,2254,17,19,0,10,2,0
MANASSAS CITY,26-Oct-2023 06:00:02,783,0,0,157,255,1499,612,0,867,2366,17,19,0,10,2,0
MANASSAS CITY,27-Oct-2023 06:00:01,748,0,0,160,294,1595,612,0,906,2501,17,19,0,10,2,0
MANASSAS CITY,28-Oct-2023 06:00:01,750,0,0,170,298,1724,612,0,910,2634,17,19,0,10,2,0
MANASSAS CITY,29-Oct-2023 06:00:01,715,0,0,172,332,1851,612,0,944,2795,19,19,0,12,3,0
MANASSAS CITY,30-Oct-2023 06:00:02,715,0,0,172,332,1851,612,0,944,2795,19,19,0,12,3,0
MANASSAS CITY,31-Oct-2023 06:00:01,665,0,1,173,379,1956,612,0,991,2948,20,19,0,13,3,0
MANASSAS CITY,01-Nov-2023 06:00:01,647,0,1,177,393,2039,612,0,1005,3045,20,19,0,13,3,0
MANASSAS CITY,02-Nov-2023 06:00:01,607,0,1,179,169,2175,872,0,1041,3217,22,20,0,16,4,0
MANASSAS CITY,03-Nov-2023 06:00:01,577,0,2,182,79,2330,990,0,1069,3401,24,20,0,18,5,0
MANASSAS CITY,04-Nov-2023 06:00:01,529,0,2,188,121,2585,990,0,1111,3698,26,20,0,20,5,0
MANASSAS CITY,05-Nov-2023 06:00:01,507,0,3,193,137,2965,990,0,1127,4095,31,20,0,25,5,0
MANASSAS CITY,06-Nov-2023 06:00:01,507,0,3,193,137,2965,990,0,1127,4095,31,20,0,25,5,0
MANASSAS CITY,07-Nov-2023 06:00:01,449,0,3,193,194,2965,990,0,1184,4152,31,20,0,26,5,0
MANASSAS CITY,08-Nov-2023 06:00:01,369,0,3,193,2,2965,1264,0,1266,4234,31,20,0,26,5,0
MANASSAS CITY,09-Nov-2023 06:00:02,358,0,3,193,13,2965,1264,0,1277,4245,31,20,0,26,5,0
MANASSAS CITY,10-Nov-2023 06:00:01,346,0,3,193,24,2965,1264,0,1288,4256,31,20,0,26,5,0
MANASSAS CITY,11-Nov-2023 06:00:01,346,0,3,193,24,2965,1264,0,1288,4256,31,20,0,26,5,0
MANASSAS CITY,12-Nov-2023 06:00:01,346,0,3,193,24,2965,1264,0,1288,4256,31,20,0,26,5,0
MANASSAS CITY,13-Nov-2023 06:00:01,346,0,3,193,24,2965,1264,0,1288,4256,31,20,0,26,5,0
MANASSAS PARK CITY,string,number,number,number,number,number,number,number,number,number,number,number,number,number,number,number,number
MANASSAS PARK CITY,14-Sep-2023 12:01:00,489,7,0,15,0,0,0,0,0,0,2,6,0,0,0,0
MANASSAS PARK CITY,15-Sep-2023 06:00:01,488,7,0,21,0,0,0,0,0,0,2,6,0,0,0,0
MANASSAS PARK CITY,16-Sep-2023 06:00:01,488,7,0,21,0,0,0,0,0,0,2,6,0,0,0,0
MANASSAS PARK CITY,17-Sep-2023 06:00:02,488,7,0,21,0,0,0,0,0,0,2,6,0,0,0,0
MANASSAS PARK CITY,18-Sep-2023 06:00:01,488,7,0,21,0,0,0,0,0,0,2,6,0,0,0,0
MANASSAS PARK CITY,19-Sep-2023 06:00:01,496,7,0,21,0,0,0,0,0,0,2,6,0,0,0,0
MANASSAS PARK CITY,20-Sep-2023 06:00:01,505,0,0,21,0,0,0,0,0,0,2,6,0,0,0,0
MANASSAS PARK CITY,21-Sep-2023 06:00:02,509,0,0,22,0,0,0,0,0,0,2,6,0,0,0,0
MANASSAS PARK CITY,22-Sep-2023 06:00:01,516,0,0,23,0,0,0,0,0,0,2,6,0,0,0,0
MANASSAS PARK CITY,23-Sep-2023 06:00:01,526,0,0,25,0,25,0,0,0,25,2,8,0,0,0,0
MANASSAS PARK CITY,24-Sep-2023 06:00:01,526,0,0,25,0,25,0,0,0,25,2,8,0,0,0,0
MANASSAS PARK CITY,25-Sep-2023 06:00:02,526,0,0,25,0,25,0,0,0,25,2,8,0,0,0,0
MANASSAS PARK CITY,26-Sep-2023 06:00:01,538,0,0,25,0,39,0,0,0,39,2,8,0,0,0,0
MANASSAS PARK CITY,27-Sep-2023 06:00:01,520,0,0,31,11,49,0,0,11,60,2,10,0,0,0,0
MANASSAS PARK CITY,28-Sep-2023 06:00:01,493,0,0,31,41,58,0,0,41,99,2,10,0,0,0,0
MANASSAS PARK CITY,29-Sep-2023 06:00:02,472,0,0,31,62,73,0,0,62,135,2,10,0,0,0,0
MANASSAS PARK CITY,30-Sep-2023 06:00:01,459,0,0,34,84,96,0,0,84,180,1,10,0,0,0,0
MANASSAS PARK CITY,02-Oct-2023 06:00:01,459,0,0,34,84,96,0,0,84,180,1,10,0,0,0,0
MANASSAS PARK CITY,03-Oct-2023 06:00:02,401,0,0,37,138,108,0,0,138,246,1,10,0,0,0,0
MANASSAS PARK CITY,04-Oct-2023 06:00:01,387,0,0,39,146,120,0,0,146,266,1,10,0,0,0,0
MANASSAS PARK CITY,05-Oct-2023 14:00:01,352,0,0,40,180,135,0,0,180,315,1,10,0,0,0,0
MANASSAS PARK CITY,05-Oct-2023 22:00:01,520,0,0,31,11,49,0,0,11,60,2,10,0,0,0,0
MANASSAS PARK CITY,06-Oct-2023 06:00:01,387,0,0,39,146,120,0,0,146,266,1,10,0,0,0,0
MANASSAS PARK CITY,06-Oct-2023 14:00:02,349,0,0,40,186,147,0,0,186,333,1,10,0,0,0,0
MANASSAS PARK CITY,07-Oct-2023 06:00:01,349,0,0,40,191,158,0,0,191,349,1,10,0,0,0,0
MANASSAS PARK CITY,08-Oct-2023 06:00:01,349,0,0,40,191,158,0,0,191,349,1,10,0,0,0,0
MANASSAS PARK CITY,09-Oct-2023 06:00:02,349,0,0,40,191,158,0,0,191,349,1,10,0,0,0,0
MANASSAS PARK CITY,10-Oct-2023 06:00:02,349,0,0,40,191,158,0,0,191,349,1,10,0,0,0,0
MANASSAS PARK CITY,11-Oct-2023 06:00:01,339,0,0,40,214,182,0,0,214,396,1,10,0,0,0,0
MANASSAS PARK CITY,12-Oct-2023 06:00:01,337,0,0,42,215,199,0,0,215,414,1,10,0,0,0,0
MANASSAS PARK CITY,13-Oct-2023 06:00:02,319,0,0,47,237,210,0,0,237,447,1,10,0,0,0,0
MANASSAS PARK CITY,14-Oct-2023 06:00:02,315,0,0,47,244,243,0,0,244,487,1,10,0,0,0,0
MANASSAS PARK CITY,15-Oct-2023 06:00:01,315,0,0,47,244,243,0,0,244,487,1,10,0,0,0,0
MANASSAS PARK CITY,16-Oct-2023 06:00:01,315,0,0,47,244,243,0,0,244,487,1,10,0,0,0,0
MANASSAS PARK CITY,17-Oct-2023 06:00:01,306,0,0,48,262,261,0,0,262,523,1,10,0,0,0,0
MANASSAS PARK CITY,18-Oct-2023 06:00:02,302,0,0,51,267,273,0,0,267,540,1,10,0,0,0,0
MANASSAS PARK CITY,19-Oct-2023 06:00:01,290,0,1,52,281,292,0,0,281,574,2,10,0,1,0,0
MANASSAS PARK CITY,20-Oct-2023 06:00:01,282,0,1,53,292,304,0,0,292,597,2,10,0,1,0,0
MANASSAS PARK CITY,21-Oct-2023 06:00:02,275,0,1,53,300,333,0,0,300,634,2,10,0,1,0,0
MANASSAS PARK CITY,22-Oct-2023 06:00:02,275,0,1,53,300,333,0,0,300,634,2,10,0,1,0,0
MANASSAS PARK CITY,23-Oct-2023 06:00:01,275,0,1,53,300,333,0,0,300,634,2,10,0,1,0,0
MANASSAS PARK CITY,24-Oct-2023 06:00:01,258,0,2,53,319,367,0,0,319,688,2,10,0,1,0,0
MANASSAS PARK CITY,25-Oct-2023 06:00:01,259,0,3,53,322,385,0,0,322,710,2,10,0,1,0,0
MANASSAS PARK CITY,26-Oct-2023 06:00:02,255,0,3,54,332,420,0,0,332,755,2,10,0,1,0,0
MANASSAS PARK CITY,27-Oct-2023 06:00:01,256,0,4,54,335,451,0,0,335,790,2,10,0,1,0,0
MANASSAS PARK CITY,28-Oct-2023 06:00:01,244,0,5,55,347,514,0,0,347,866,2,10,0,1,2,0
MANASSAS PARK CITY,29-Oct-2023 06:00:01,243,0,6,55,350,557,0,0,350,913,2,10,0,1,2,0
MANASSAS PARK CITY,30-Oct-2023 06:00:02,243,0,6,55,350,557,0,0,350,913,2,10,0,1,2,0
MANASSAS PARK CITY,31-Oct-2023 06:00:01,228,0,8,56,364,624,0,0,364,996,2,10,0,1,3,0
MANASSAS PARK CITY,01-Nov-2023 06:00:01,221,0,8,56,278,648,91,0,369,1025,2,10,0,1,3,0
MANASSAS PARK CITY,02-Nov-2023 06:00:01,206,0,9,56,145,677,239,0,384,1070,2,10,0,1,4,0
MANASSAS PARK CITY,03-Nov-2023 06:00:01,198,0,9,56,153,711,239,0,392,1112,2,10,0,1,4,0
MANASSAS PARK CITY,04-Nov-2023 06:00:01,188,0,10,58,161,784,239,0,400,1194,2,12,0,1,6,0
MANASSAS PARK CITY,05-Nov-2023 06:00:01,181,0,12,58,13,916,394,0,407,1335,2,12,0,1,6,0
MANASSAS PARK CITY,06-Nov-2023 06:00:01,181,0,12,58,13,921,394,0,407,1340,2,12,0,1,6,0
MANASSAS PARK CITY,07-Nov-2023 06:00:01,155,0,12,58,38,921,394,0,432,1365,2,12,0,1,6,0
MANASSAS PARK CITY,08-Nov-2023 06:00:01,135,0,12,58,59,921,394,0,453,1386,2,12,0,1,7,0
MANASSAS PARK CITY,09-Nov-2023 06:00:02,132,0,12,58,62,921,394,0,456,1389,2,12,0,1,7,0
MANASSAS PARK CITY,10-Nov-2023 06:00:01,128,0,12,58,65,921,394,0,459,1392,2,12,0,1,7,0
MANASSAS PARK CITY,11-Nov-2023 06:00:01,128,0,12,58,65,921,394,0,459,1392,2,12,0,1,7,0
MANASSAS PARK CITY,12-Nov-2023 06:00:01,128,0,12,58,65,921,394,0,459,1392,2,12,0,1,7,0
MANASSAS PARK CITY,13-Nov-2023 06:00:01,128,0,12,58,65,921,394,0,459,1392,2,12,0,1,7,0
PRINCE WILLIAM COUNTY,string,number,number,number,number,number,number,number,number,number,number,number,number,number,number,number,number
PRINCE WILLIAM COUNTY,14-Sep-2023 12:01:00,19621,0,0,922,0,0,0,0,0,0,263,322,0,0,0,0
PRINCE WILLIAM COUNTY,15-Sep-2023 06:00:01,19645,0,0,925,0,0,0,0,0,0,263,322,0,0,0,0
PRINCE WILLIAM COUNTY,16-Sep-2023 06:00:01,19675,0,0,929,0,0,0,0,0,0,263,322,0,0,0,0
PRINCE WILLIAM COUNTY,17-Sep-2023 06:00:02,19715,0,0,932,0,0,0,0,0,0,264,323,0,0,0,0
PRINCE WILLIAM COUNTY,18-Sep-2023 06:00:01,19748,0,0,932,0,0,0,0,0,0,264,323,0,0,0,0
PRINCE WILLIAM COUNTY,19-Sep-2023 06:00:01,19846,0,0,943,0,0,0,0,0,0,264,331,0,0,0,0
PRINCE WILLIAM COUNTY,20-Sep-2023 06:00:01,19889,0,0,946,0,0,0,0,0,0,263,331,0,0,0,0
PRINCE WILLIAM COUNTY,21-Sep-2023 06:00:02,20007,0,0,949,0,0,0,0,0,0,263,330,0,0,0,0
PRINCE WILLIAM COUNTY,22-Sep-2023 06:00:01,20112,0,0,950,0,0,0,0,0,0,263,330,0,0,0,0
PRINCE WILLIAM COUNTY,23-Sep-2023 06:00:01,20248,0,0,977,0,862,0,0,0,862,270,330,0,7,0,0
PRINCE WILLIAM COUNTY,24-Sep-2023 06:00:01,20248,0,0,977,0,862,0,0,0,862,270,330,0,7,0,0
PRINCE WILLIAM COUNTY,25-Sep-2023 06:00:02,20316,0,0,977,0,862,0,0,0,862,270,330,0,7,0,0
PRINCE WILLIAM COUNTY,26-Sep-2023 06:00:01,20408,0,0,999,0,1480,0,0,0,1480,275,331,0,12,1,0
PRINCE WILLIAM COUNTY,27-Sep-2023 06:00:01,19939,0,0,1358,2,1974,0,0,2,1976,276,336,0,16,1,0
PRINCE WILLIAM COUNTY,28-Sep-2023 06:00:01,19659,0,0,1368,79,2439,0,0,79,2518,278,340,0,23,3,0
PRINCE WILLIAM COUNTY,29-Sep-2023 06:00:02,20238,0,0,1729,80,2914,0,0,80,2994,293,343,0,32,4,0
PRINCE WILLIAM COUNTY,30-Sep-2023 06:00:01,19554,0,0,1746,725,3538,0,0,725,4263,296,343,0,39,5,0
PRINCE WILLIAM COUNTY,02-Oct-2023 06:00:01,19163,1,0,1756,1394,3538,0,0,1394,4932,296,347,0,45,5,0
PRINCE WILLIAM COUNTY,03-Oct-2023 06:00:02,17957,1,0,1769,2551,4051,0,0,2551,6602,299,348,0,52,7,0
PRINCE WILLIAM COUNTY,04-Oct-2023 06:00:01,18070,1,0,1788,2610,4503,0,0,2610,7113,310,351,0,60,10,0
PRINCE WILLIAM COUNTY,05-Oct-2023 14:00:01,17446,1,0,1799,3296,4909,0,0,3296,8205,315,350,0,69,12,0
PRINCE WILLIAM COUNTY,05-Oct-2023 22:00:01,19939,0,0,1358,2,1974,0,0,2,1976,276,336,0,16,1,0
PRINCE WILLIAM COUNTY,06-Oct-2023 06:00:01,18070,1,0,1788,2610,4503,0,0,2610,7113,310,351,0,60,10,0
PRINCE WILLIAM COUNTY,06-Oct-2023 14:00:02,17168,1,0,1813,3684,5342,0,0,3684,9026,318,351,0,76,15,0
PRINCE WILLIAM COUNTY,07-Oct-2023 06:00:01,16899,1,0,1842,4032,6000,0,0,4032,10032,329,351,0,88,19,0
PRINCE WILLIAM COUNTY,08-Oct-2023 06:00:01,16899,1,0,1842,4032,6000,0,0,4032,10032,329,351,0,88,19,0
PRINCE WILLIAM COUNTY,09-Oct-2023 06:00:02,17002,1,0,1843,4032,6000,0,0,4032,10032,329,351,0,88,19,0
PRINCE WILLIAM COUNTY,10-Oct-2023 06:00:02,17145,1,0,1858,4059,6405,0,0,4059,10464,340,353,0,94,19,0
PRINCE WILLIAM COUNTY,11-Oct-2023 06:00:01,17148,1,0,1878,4082,6962,0,0,4082,11044,346,353,0,101,23,0
PRINCE WILLIAM COUNTY,12-Oct-2023 06:00:01,16298,1,0,1898,5019,7519,0,0,5019,12538,348,353,0,107,27,0
PRINCE WILLIAM COUNTY,13-Oct-2023 06:00:02,15539,1,0,1914,5815,8031,0,0,5815,13846,352,355,0,116,29,0
PRINCE WILLIAM COUNTY,14-Oct-2023 06:00:02,15155,0,0,1949,6290,8745,0,0,6290,15035,357,354,0,120,35,0
PRINCE WILLIAM COUNTY,15-Oct-2023 06:00:01,15197,0,0,1949,6290,8745,0,0,6290,15035,357,354,0,120,35,0
PRINCE WILLIAM COUNTY,16-Oct-2023 06:00:01,15291,0,0,1950,6290,8745,0,0,6290,15035,357,354,0,120,35,0
PRINCE WILLIAM COUNTY,17-Oct-2023 06:00:01,14532,0,0,1988,7141,9442,0,0,7141,16583,364,354,0,131,36,0
PRINCE WILLIAM COUNTY,18-Oct-2023 06:00:02,14762,0,0,2012,7143,10038,0,0,7143,17181,373,354,0,138,37,0
PRINCE WILLIAM COUNTY,19-Oct-2023 06:00:01,14759,0,1,2024,7208,10601,0,0,7208,17810,379,360,0,142,40,0
PRINCE WILLIAM COUNTY,20-Oct-2023 06:00:01,13935,0,5,2053,8056,11229,0,0,8056,19290,385,362,0,149,44,0
PRINCE WILLIAM COUNTY,21-Oct-2023 06:00:02,13634,0,8,2076,8407,12080,0,0,8407,20495,389,362,0,156,46,0
PRINCE WILLIAM COUNTY,22-Oct-2023 06:00:02,13681,0,8,2076,8407,12080,0,0,8407,20495,389,362,0,156,46,0
PRINCE WILLIAM COUNTY,23-Oct-2023 06:00:01,13696,0,15,2098,8408,13319,0,0,8408,21742,407,364,0,170,48,0
PRINCE WILLIAM COUNTY,24-Oct-2023 06:00:01,12949,0,17,2116,9213,14045,0,0,9213,23275,415,365,0,181,53,0
PRINCE WILLIAM COUNTY,25-Oct-2023 06:00:01,13049,0,24,2144,9267,14867,0,0,9267,24158,429,366,0,190,55,0
PRINCE WILLIAM COUNTY,26-Oct-2023 06:00:02,12623,0,25,2162,8274,15795,1491,0,9765,25585,437,366,0,199,56,0
PRINCE WILLIAM COUNTY,27-Oct-2023 06:00:01,12341,0,35,2187,6416,16686,3697,0,10113,26834,444,369,0,206,61,0
PRINCE WILLIAM COUNTY,28-Oct-2023 06:00:01,12072,0,40,2227,4973,18038,5495,0,10468,28546,465,372,0,226,66,0
PRINCE WILLIAM COUNTY,29-Oct-2023 06:00:01,11713,0,46,2253,5305,19698,5495,0,10800,30544,487,374,0,248,68,0
PRINCE WILLIAM COUNTY,30-Oct-2023 06:00:02,11713,0,46,2253,5305,19698,5495,0,10800,30544,487,374,0,248,68,0
PRINCE WILLIAM COUNTY,31-Oct-2023 06:00:01,11059,0,55,2281,3144,20893,8292,0,11436,32384,496,376,0,259,73,0
PRINCE WILLIAM COUNTY,01-Nov-2023 06:00:01,10968,0,67,2361,1535,22108,9979,0,11514,33689,510,377,0,274,74,0
PRINCE WILLIAM COUNTY,02-Nov-2023 06:00:01,10659,0,78,2372,809,23338,11011,0,11820,35236,529,377,0,296,76,0
PRINCE WILLIAM COUNTY,03-Nov-2023 06:00:01,9862,0,87,2415,1561,24862,11011,0,12572,37521,544,379,0,312,81,0
PRINCE WILLIAM COUNTY,04-Nov-2023 06:00:01,9381,0,95,2469,789,27533,12222,0,13011,40639,574,383,0,342,87,0
PRINCE WILLIAM COUNTY,05-Nov-2023 06:00:01,8790,0,133,2544,578,31660,12948,0,13526,45319,634,393,0,405,102,0
PRINCE WILLIAM COUNTY,06-Nov-2023 06:00:01,8790,0,147,2544,578,31660,12948,0,13526,45333,634,391,0,405,101,0
PRINCE WILLIAM COUNTY,07-Nov-2023 06:00:01,7856,0,148,2544,1511,31660,12948,0,14459,46267,634,391,0,409,105,0
PRINCE WILLIAM COUNTY,08-Nov-2023 06:00:01,7701,0,148,2544,1690,31661,12948,0,14638,46447,635,391,0,410,105,0
PRINCE WILLIAM COUNTY,09-Nov-2023 06:00:02,7211,0,148,2544,2163,31661,12948,0,15111,46920,635,391,0,411,105,0
PRINCE WILLIAM COUNTY,10-Nov-2023 06:00:01,6072,0,148,2545,3249,31660,12948,1,16197,48006,637,391,0,421,111,0
PRINCE WILLIAM COUNTY,11-Nov-2023 06:00:01,5712,0,148,2545,3315,31660,12948,1,16263,48072,637,391,0,424,113,0
PRINCE WILLIAM COUNTY,12-Nov-2023 06:00:01,5712,0,148,2545,3315,31660,12948,1,16263,48072,637,391,0,424,113,0
PRINCE WILLIAM COUNTY,13-Nov-2023 06:00:01,5712,0,148,2545,3315,31660,12948,1,16263,48072,637,391,0,424,113,0
